MEMORY
  total           16309 KB
  struct            158 KB
  buffer            791 KB
  arena           15360 KB, used 0.5%

SIZES
  narena                15728640
  nbuffer               810256
  nplugin               0
  maxuse_stack          26576
  maxuse_arena          78200
  maxuse_con            12
  maxuse_efc            74
  ncon                  12
  ne                    0
  nf                    23
  nl                    3
  nefc                  74
  nJ                    2368
  nY                    0
  nA                    0
  nisland               2
  nidof                 32
  ntree_awake           2
  nbody_awake           31
  nparent_awake         30
  nv_awake              32
  flg_energypos         0
  flg_energyvel         0
  flg_subtreevel        0
  flg_rnepost           1
  threadpool            0

TIMER
    0:  duration =  4e+03      number = 55348
    1:  duration =  3.8e+03    number = 55349
    2:  duration =  0          number = 0
    3:  duration =  2.6e+03    number = 55349
    4:  duration =  1.7e+02    number = 55349
    5:  duration =  44         number = 55349
    6:  duration =  8.6e+02    number = 55349
    7:  duration =  1.5e+02    number = 55348
    8:  duration =  2.2e+02    number = 55349
    9:  duration =  1.3e+02    number = 55349
    10:  duration =  1.8e+03    number = 55349
    11:  duration =  3.9e+02    number = 55349
    12:  duration =  3.9        number = 55349
    13:  duration =  2.2e+02    number = 55349
    14:  duration =  6.5e+02    number = 55349

SOLVER STAT
  solver_fwdinv =   0         0       
  ISLAND 0
    solver_niter = 1
    solver_nnz = 676
      0:  improvement =  1.3e-17     gradient =  7.9e-17     lineslope =  9.1e-25 
          nactive = 58   nchange = 0   neval = 2   nupdate = 0

  ISLAND 1
    solver_niter = 2
    solver_nnz = 36
      0:  improvement =  2.3e-05     gradient =  0.023       lineslope =  5.8e-18 
          nactive = 16   nchange = 4   neval = 3   nupdate = 4
      1:  improvement =  3.7e-05     gradient =  1.6e-16     lineslope =  2.2e-18 
          nactive = 16   nchange = 0   neval = 2   nupdate = 0

ENERGY =   0         0       

TIME =  1.1e+02 

QPOS
   0.00014 
  -1.7e-06 
   0.00012 
   3.1e-05 
   4.8e-05 
   0.01    
   0.027   
  -6.2e-06 
   0.006   
  -0.0031  
  -4.6e-05 
  -5e-07   
   0.0015  
  -4e-06   
  -8.1e-07 
  -0.0017  
  -1.9e-05 
   0.00023 
   1.9e-09 
  -0.0015  
   4e-06   
   9e-07   
   0.0017  
   1.9e-05 
  -0.00023 
   1.2e-09 
   0.99    
  -0.0046  
   0.81    
   0.71    
   0.71    
  -0.011   
  -0.0099  

QVEL
   1.2e-06 
  -1.4e-08 
   1e-06   
  -2.8e-08 
  -5.6e-08 
   9e-05   
   0.00023 
  -9.5e-11 
   8e-09   
  -3.2e-09 
  -7.4e-10 
   4e-10   
  -3.4e-10 
   6.9e-12 
   5.4e-11 
   4.5e-12 
  -1.6e-12 
   2.2e-12 
   6.6e-13 
   5.6e-10 
   6.8e-12 
   6.6e-11 
  -7.5e-12 
  -1.6e-12 
  -3.6e-12 
   6.7e-13 
  -0.00067 
   0.00023 
   0.0029  
  -0.0035  
   3.9e-06 
   0.011   

QACC_WARMSTART
   0.00059 
  -7.1e-06 
   0.0005  
   3.8e-11 
   7.5e-11 
  -5e-08   
  -2.9e-07 
   9.2e-14 
  -1.1e-11 
   4.3e-12 
   9.7e-13 
  -5.3e-13 
   4.6e-13 
  -8.7e-15 
  -7e-14   
  -1e-14   
   2.2e-15 
   2e-15   
  -8.6e-16 
  -7.6e-13 
  -8.7e-15 
  -8.7e-14 
   1.3e-14 
   2.1e-15 
   5.4e-16 
  -8.7e-16 
  -0.002   
   6.9e-05 
   0.022   
   0.00035 
   1.2e-05 
   0.028   

CTRL
  -0.062   
  -0.095   
   0.012   
  -12      
   6.2     
   0.092   
   0.001   
  -3       
   0.0079  
   0.0016  
   3.4     
   0.038   
  -0.47    
  -3.9e-06 
   3       
  -0.008   
  -0.0018  
  -3.4     
  -0.038   
   0.47    
  -2.5e-06 

QFRC_APPLIED
   0       
   0       
   0       
   0       
   0       
   0       
   0       
   0       
   0       
   0       
   0       
   0       
   0       
   0       
   0       
   0       
   0       
   0       
   0       
   0       
   0       
   0       
   0       
   0       
   0       
   0       
   0       
   0       
   0       
   0       
   0       
   0       

XFRC_APPLIED
   0         0         0         0         0         0       
   0         0         0         0         0         0       
   0         0         0         0         0         0       
   0         0         0         0         0         0       
   0         0         0         0         0         0       
   0         0         0         0         0         0       
   0         0         0         0         0         0       
   0         0         0         0         0         0       
   0         0         0         0         0         0       
   0         0         0         0         0         0       
   0         0         0         0         0         0       
   0         0         0         0         0         0       
   0         0         0         0         0         0       
   0         0         0         0         0         0       
   0         0         0         0         0         0       
   0         0         0         0         0         0       
   0         0         0         0         0         0       
   0         0         0         0         0         0       
   0         0         0         0         0         0       
   0         0         0         0         0         0       
   0         0         0         0         0         0       
   0         0         0         0         0         0       
   0         0         0         0         0         0       
   0         0         0         0         0         0       
   0         0         0         0         0         0       
   0         0         0         0         0         0       
   0         0         0         0         0         0       
   0         0         0         0         0         0       
   0         0         0         0         0         0       
   0         0         0         0         0         0       
   0         0         0         0         0         0       

MOCAP_POS
   0         0         1       

MOCAP_QUAT
   1         0         0         0       

QACC
   0.00059 
  -7.1e-06 
   0.0005  
   3.8e-11 
   7.5e-11 
  -5e-08   
  -2.9e-07 
   9.2e-14 
  -1.1e-11 
   4.3e-12 
   9.7e-13 
  -5.3e-13 
   4.6e-13 
  -8.7e-15 
  -7e-14   
  -1e-14   
   2.2e-15 
   2e-15   
  -8.6e-16 
  -7.6e-13 
  -8.7e-15 
  -8.7e-14 
   1.3e-14 
   2.1e-15 
   5.4e-16 
  -8.7e-16 
  -0.002   
   6.9e-05 
   0.022   
   0.00035 
   1.2e-05 
   0.028   

SENSOR
   0.0017  
   0.72    
   0.002   
   0.7     
   0       
   0       
   0       
   0.00059 
  -7.1e-06 
   9.8     

TREE_ASLEEP
  -11
  -11

XPOS
   0         0         0       
   0         0         1       
   0.00014  -1.7e-06   0       
  -0.22      0.29      0.1     
  -0.22     -0.29      0.1     
   0.27      0.26      0.075   
   0.27     -0.26      0.075   
   0.19      2.1e-05   0.13    
   0.18      2e-05     0.56    
   0.19      2.2e-05   0.94    
   0.19      2.2e-05   0.94    
   0.19      3.1e-05   1.1     
   0.27      0.0002    1.6     
   0.19      0.12      1.4     
   0.19      0.21      1.3     
   0.19      0.21      1.2     
   0.19      0.21      1       
   0.31      0.21      1       
   0.37      0.24      1       
   0.43      0.21      1.1     
   0.45      0.21      1.1     
   0.19     -0.12      1.4     
   0.19     -0.21      1.3     
   0.19     -0.21      1.2     
   0.19     -0.21      1       
   0.31     -0.21      1       
   0.37     -0.24      1       
   0.43     -0.21      1.1     
   0.45     -0.21      1.1     
   0.99     -0.0046    0.81    
   1.5      -1         0       

XQUAT
   1         0         0         0       
   1         0         0         0       
   1         0         0         6.1e-05 
   1        -9.6e-10   1.6e-05   6.1e-05 
   1        -1.5e-09   2.4e-05   6.1e-05 
   1        -3.2e-07   0.0052    6.1e-05 
   1        -8.3e-07   0.013     6.1e-05 
   0.84     -3.3e-05   0.54      5.2e-05 
   0.78      3.8e-05  -0.62      4.8e-05 
   1        -2.7e-07   0.0045    6.1e-05 
   1        -2.3e-05   0.0045    6.1e-05 
   1        -2.3e-05   0.0045    6.1e-05 
   1        -2.3e-05   0.0045    6.1e-05 
   1        -2.3e-05   0.0052    6.1e-05 
   1        -2.5e-05   0.0052    6.1e-05 
   1        -2.5e-05   0.0052    6.1e-05 
   1        -2.5e-05   0.0061    6.1e-05 
   1        -3.5e-05   0.0061    6.1e-05 
   1        -3.5e-05   0.0062    6.1e-05 
   1        -3.5e-05   0.0062    6.1e-05 
   1        -3.5e-05   0.0062    6.1e-05 
   1        -2.3e-05   0.0052    6.1e-05 
   1        -2.1e-05   0.0052    6.1e-05 
   1        -2.1e-05   0.0052    6.2e-05 
   1        -2.1e-05   0.0061    6.2e-05 
   1        -1.2e-05   0.0061    6.1e-05 
   1        -1.2e-05   0.0062    6.1e-05 
   1        -1.2e-05   0.0062    6.1e-05 
   1        -1.2e-05   0.0062    6.1e-05 
   0.71      0.71     -0.011    -0.0099  
   0.5       0.5       0.5       0.5     

XMAT
   1         0         0         0         1         0         0         0         1       
   1         0         0         0         1         0         0         0         1       
   1        -0.00012   0         0.00012   1         0         0         0         1       
   1        -0.00012   3.1e-05   0.00012   1         3.8e-09  -3.1e-05   0         1       
   1        -0.00012   4.8e-05   0.00012   1         5.8e-09  -4.8e-05   0         1       
   1        -0.00012   0.01      0.00012   1         1.3e-06  -0.01      0         1       
   1        -0.00012   0.027     0.00012   1         3.3e-06  -0.027     2.1e-22   1       
   0.41     -0.00012   0.91      5.1e-05   1         0.00011  -0.91     -1.4e-20   0.41    
   0.23     -0.00012  -0.97      2.8e-05   1        -0.00012   0.97     -2e-20     0.23    
   1        -0.00012   0.0089    0.00012   1         1.1e-06  -0.0089   -1.9e-20   1       
   1        -0.00012   0.0089    0.00012   1         4.7e-05  -0.0089   -4.6e-05   1       
   1        -0.00012   0.0089    0.00012   1         4.7e-05  -0.0089   -4.6e-05   1       
   1        -0.00012   0.0089    0.00012   1         4.7e-05  -0.0089   -4.6e-05   1       
   1        -0.00012   0.01      0.00012   1         4.7e-05  -0.01     -4.6e-05   1       
   1        -0.00012   0.01      0.00012   1         5.1e-05  -0.01     -5e-05     1       
   1        -0.00012   0.01      0.00012   1         5.1e-05  -0.01     -5e-05     1       
   1        -0.00012   0.012     0.00012   1         5.2e-05  -0.012    -5e-05     1       
   1        -0.00012   0.012     0.00012   1         7e-05    -0.012    -6.9e-05   1       
   1        -0.00012   0.012     0.00012   1         7e-05    -0.012    -6.9e-05   1       
   1        -0.00012   0.012     0.00012   1         7e-05    -0.012    -6.9e-05   1       
   1        -0.00012   0.012     0.00012   1         7e-05    -0.012    -6.9e-05   1       
   1        -0.00012   0.01      0.00012   1         4.7e-05  -0.01     -4.6e-05   1       
   1        -0.00012   0.01      0.00012   1         4.3e-05  -0.01     -4.2e-05   1       
   1        -0.00012   0.01      0.00012   1         4.3e-05  -0.01     -4.2e-05   1       
   1        -0.00012   0.012     0.00012   1         4.4e-05  -0.012    -4.2e-05   1       
   1        -0.00012   0.012     0.00012   1         2.5e-05  -0.012    -2.3e-05   1       
   1        -0.00012   0.012     0.00012   1         2.5e-05  -0.012    -2.3e-05   1       
   1        -0.00012   0.012     0.00012   1         2.5e-05  -0.012    -2.3e-05   1       
   1        -0.00012   0.012     0.00012   1         2.5e-05  -0.012    -2.3e-05   1       
   1        -0.0015   -0.03     -0.03      0.00015  -1         0.0015    1         0.0001  
   1.3e-11   3.7e-06   1         1        -3.7e-06   5.6e-17   3.7e-06   1        -3.7e-06 

XIPOS
   0         0         0       
   0         0         2       
  -0.068    -0.00011   0.073   
  -0.22      0.24      0.1     
  -0.22     -0.24      0.1     
   0.27      0.26      0.075   
   0.27     -0.26      0.075   
   0.15      0.008     0.35    
   0.21     -0.0058    0.75    
   0.19      0.014     0.94    
   0.16     -1.6e-05   1       
   0.19      0.00077   1.3     
   0.2       0.00017   1.5     
   0.19      0.2       1.3     
   0.19      0.21      1.3     
   0.19      0.21      1.1     
   0.26      0.21      1       
   0.34      0.23      1       
   0.4       0.21      1       
   0.45      0.21      1.1     
   0.45      0.21      1.1     
   0.19     -0.2       1.3     
   0.19     -0.21      1.3     
   0.19     -0.21      1.1     
   0.26     -0.21      1       
   0.34     -0.23      1       
   0.4      -0.21      1       
   0.45     -0.21      1.1     
   0.45     -0.21      1.1     
   0.99     -0.0046    0.81    
   1        -1.7e-06   0.48    

XIMAT
   1         0         0         0         1         0         0         0         1       
   1         0         0         0         1         0         0         0         1       
   0.029     0.0004    1         0.0052   -1         0.00025   1         0.0052   -0.029   
  -0.00025   3.1e-05   1         1         3.8e-09   0.00025   4.1e-09   1        -3.1e-05 
  -0.00025   4.8e-05   1         1         5.8e-09   0.00025   6.2e-09   1        -4.8e-05 
  -0.00012  -1         0.01      1        -0.00012   1.3e-06   0         0.01      1       
  -0.00012  -1         0.027     1        -0.00012   3.3e-06  -1.7e-18   0.027     1       
   0.00035   0.99      0.16      1        -0.00032  -0.00019  -0.00014   0.16     -0.99    
  -0.0021   -1         0.071     1        -0.0021    0.00014   1.1e-05   0.071     1       
   0.0055    0.00027   1        -0.00031  -1         0.00027   1        -0.00031  -0.0055  
   0.00011  -0.78      0.62      1        -0.00029  -0.00055   0.00061   0.62      0.78    
   1         0.00056  -0.0035   -0.00072   1        -0.046     0.0035    0.046     1       
  -0.0046   -1         0.077     1        -0.0045    0.0018   -0.0014    0.077     1       
   0.13     -0.99      0.043     0.25     -0.0091   -0.97      0.96      0.14      0.24    
   0.99     -0.00012  -0.1       0.00013   1         3.8e-05   0.1      -5e-05     0.99    
   0.038    -1        -0.011     1         0.038    -0.0091    0.0096   -0.011     1       
   0.066    -0.27      0.96     -0.15     -0.95     -0.26      0.99     -0.13     -0.1     
  -0.66      0.012     0.76      0.76      7e-05     0.66      0.0079    1        -0.0092  
   0.0087   -0.032     1         0.71     -0.71     -0.029     0.71      0.71      0.016   
   0.56      0.00012   0.83      0.00013  -1         6.2e-05   0.83      6.9e-05  -0.56    
   0.93      0.0029    0.38      0.0059    1        -0.022    -0.38      0.023     0.93    
   0.13     -0.99     -0.043    -0.25      0.0088   -0.97      0.96      0.14     -0.24    
   0.99     -0.00012  -0.1       0.00013   1         3e-05     0.1      -4.2e-05   0.99    
  -0.038    -1        -0.011     1        -0.038     0.0092   -0.0097   -0.011     1       
   0.066     0.28      0.96      0.15     -0.95      0.26      0.99      0.13     -0.1     
   0.66      0.012     0.76      0.76      2.5e-05  -0.66     -0.008     1        -0.0092  
  -0.0088   -0.032     1         0.71      0.71      0.029    -0.71      0.71      0.016   
   0.56      0.00012   0.83      8.8e-05  -1         8.9e-05   0.83      2.3e-05  -0.56    
   0.93      0.0029    0.38      0.0059    1        -0.022    -0.38      0.023     0.93    
  -0.0015   -1        -0.03      0.00015   0.03     -1         1        -0.0015    0.0001  
   3.7e-06   1         1.3e-11  -3.7e-06  -5.6e-17   1         1        -3.7e-06   3.7e-06 

XANCHOR
   0         0         0       
   0.00014   0         0       
   0.00014  -1.7e-06   0       
  -0.22      0.29      0.1     
  -0.22     -0.29      0.1     
   0.27      0.26      0.075   
   0.27     -0.26      0.075   
   0.19      2.1e-05   0.13    
   0.18      2e-05     0.56    
   0.19      2.2e-05   0.94    
   0.19      2.2e-05   0.94    
   0.19      3.1e-05   1.1     
   0.19      0.12      1.4     
   0.19      0.21      1.3     
   0.19      0.21      1.2     
   0.19      0.21      1       
   0.31      0.21      1       
   0.37      0.24      1       
   0.43      0.21      1.1     
   0.19     -0.12      1.4     
   0.19     -0.21      1.3     
   0.19     -0.21      1.2     
   0.19     -0.21      1       
   0.31     -0.21      1       
   0.37     -0.24      1       
   0.43     -0.21      1.1     
   0.99     -0.0046    0.81    

XAXIS
   1         0         0       
   0         1         0       
   0         0         1       
  -0.00012   1         0       
  -0.00012   1         0       
  -0.00012   1         0       
  -0.00012   1         0       
   0.00012  -1         6.8e-21 
  -0.00012   1        -6.8e-21 
   0.00012  -1         1.8e-20 
   1         0.00012  -0.0092  
   0.0092    4.7e-05   1       
  -0.00012   1        -4.6e-05 
   1         0.00012  -0.011   
   0.011     5.1e-05   1       
   0.00012  -1         5e-05   
   1         0.00012  -0.012   
  -0.00012   1        -6.9e-05 
   0.013     7e-05     1       
   0.00012  -1         4.6e-05 
   1         0.00012  -0.011   
   0.011     4.3e-05   1       
  -0.00012   1        -4.2e-05 
   1         0.00012  -0.012   
   0.00012  -1         2.3e-05 
   0.013     2.5e-05   1       
   0         0         1       

GEOM_XPOS
   0         0         0       
   0         0         1       
  -0.016    -0.00058   0.12    
   7e-05     1.6e-06   0.057   
  -0.22      0.24      0.1     
  -0.22      0.24      0.1     
  -0.22     -0.24      0.1     
  -0.22     -0.25      0.1     
   0.27      0.26      0.075   
   0.27      0.23      0.075   
   0.27     -0.26      0.075   
   0.27     -0.23      0.075   
   0.18      0.0022    0.34    
   0.15      0.00031   0.34    
   0.19     -0.0003    0.78    
   0.19      2.3e-05   0.75    
   0.19      0.0011    0.96    
   0.19      5.9e-05   0.94    
   0.16      0.00028   1       
   0.16      2.2e-05   1       
   0.19      0.00037   1.3     
   0.19      3.6e-05   1.3     
   0.21      0.00027   1.6     
   0.19      0.17      1.4     
   0.19      0.23      1.4     
   0.19      0.21      1.3     
   0.22      0.21      1.3     
   0.19      0.21      1.1     
   0.19      0.21      1.1     
   0.23      0.21      1       
   0.24      0.18      1       
   0.34      0.23      1       
   0.4       0.21      1       
   0.44      0.21      1.1     
   0.52      0.16      1       
   0.45      0.21      1.1     
   0.19     -0.17      1.4     
   0.19     -0.23      1.4     
   0.19     -0.21      1.3     
   0.22     -0.21      1.3     
   0.19     -0.21      1.1     
   0.19     -0.21      1.1     
   0.23     -0.21      1       
   0.24     -0.18      1       
   0.34     -0.23      1       
   0.4      -0.2       1       
   0.44     -0.21      1.1     
   0.52     -0.16      1       
   0.45     -0.21      1.1     
   0.99     -0.0046    0.81    
   0.99     -0.0046    0.81    
   1        -1.7e-06   0.48    
   1        -1.7e-06   0.48    

GEOM_XMAT
   1         0         0         0         1         0         0         0         1       
   1         0         0         0         1         0         0         0         1       
   0.02     -0.0045    1        -0.0027   -1        -0.0044    1        -0.0026   -0.02    
   1        -0.00012   0         0.00012   1         0         0         0         1       
  -0.00022  -1         0.052     1        -0.00024  -0.00047   0.00048   0.052     1       
   1        -3.1e-05  -0.00012   0.00012  -3.8e-09   1        -3.1e-05  -1        -1.3e-16 
  -0.00027  -1        -0.072     1        -0.0003    0.0005   -0.00052  -0.072     1       
   1        -4.8e-05  -0.00012   0.00012  -5.8e-09   1        -4.8e-05  -1         5.5e-18 
  -0.0002   -0.91     -0.42      1        -0.00012  -0.0002    0.00013  -0.42      0.91    
   1        -0.01     -0.00012   0.00012  -1.3e-06   1        -0.01     -1        -5.6e-17 
  -0.0002   -0.92     -0.4       1        -0.00013  -0.0002    0.00013  -0.4       0.92    
   1        -0.027    -0.00012   0.00012  -3.3e-06   1        -0.027    -1         1.2e-16 
   1        -0.0044    0.044    -0.0043   -1        -0.002     0.044     0.0018   -1       
   0.41     -0.00012   0.91      5.1e-05   1         0.00011  -0.91     -1.4e-20   0.41    
  -1        -0.0018    0.007     0.0018   -1         0.0023    0.007     0.0023    1       
   0.23     -0.00012  -0.97      2.8e-05   1        -0.00012   0.97     -2e-20     0.23    
   0.48      0.55      0.69      0.63     -0.76      0.17      0.61      0.35     -0.71    
   1        -0.00012   0.0089    0.00012   1         1.1e-06  -0.0089   -1.9e-20   1       
  -0.0089   -0.61      0.79      1        -0.013     0.0015    0.0091    0.79      0.61    
   1        -0.00012   0.0089    0.00012   1         4.7e-05  -0.0089   -4.6e-05   1       
   1         0.011    -0.034    -0.012     1        -0.0032    0.034     0.0036    1       
   1        -0.00012   0.0089    0.00012   1         4.7e-05  -0.0089   -4.6e-05   1       
  -0.0014   -1        -0.095     1        -0.0013   -0.0008    0.00067  -0.095     1       
  -0.044    -0.99      0.11      0.46     -0.12     -0.88      0.89      0.012     0.46    
   1        -0.01     -0.00012   0.00012  -4.7e-05   1        -0.01     -1        -4.6e-05 
   1         0.00081  -0.0088   -0.00081   1        -4e-05     0.0088    4.7e-05   1       
   1        -0.00012   0.01      0.00012   1         5.1e-05  -0.01     -5e-05     1       
  -0.02     -1        -0.015     1        -0.019    -0.034     0.033    -0.016     1       
   1        -0.00012   0.01      0.00012   1         5.1e-05  -0.01     -5e-05     1       
   0.13     -0.058     0.99     -0.00074  -1        -0.058     0.99      0.0068   -0.13    
  -0.012    -0.00012   1        -5.2e-05   1         0.00012  -1        -5e-05    -0.012   
  -0.64      0.013     0.77      0.77      6.1e-05   0.64      0.008     1        -0.0097  
   0.13      0.014     0.99     -0.58     -0.81      0.09      0.81     -0.58     -0.1     
   0.52      0.00015   0.86      0.00012  -1         0.0001    0.86      5.2e-05  -0.52    
   0.012    -0.35      0.94      7e-05    -0.94     -0.35      1         0.0044   -0.012   
   0.93      0.0085    0.35      0.0048    1        -0.037    -0.35      0.036     0.93    
  -0.04     -0.99     -0.1      -0.46      0.11     -0.88      0.89      0.011    -0.46    
   1        -0.01     -0.00012   0.00012  -4.7e-05   1        -0.01     -1        -4.6e-05 
   1         0.00062  -0.0088   -0.00062   1        -3.5e-05   0.0088    4e-05     1       
   1        -0.00012   0.01      0.00012   1         4.3e-05  -0.01     -4.2e-05   1       
   0.016    -1        -0.016     1         0.015     0.033    -0.033    -0.017     1       
   1        -0.00012   0.01      0.00012   1         4.3e-05  -0.01     -4.2e-05   1       
   0.13      0.06      0.99     -0.0043   -1         0.061     0.99     -0.012    -0.13    
  -0.012    -0.00012   1        -4.4e-05   1         0.00012  -1        -4.2e-05  -0.012   
   0.64      0.012     0.77      0.77      1.5e-05  -0.64     -0.0079    1        -0.0095  
   0.13     -0.013     0.99      0.58     -0.81     -0.089     0.81      0.58     -0.1     
   0.52      0.00015   0.86      8.4e-05  -1         0.00013   0.86      6.1e-06  -0.52    
   0.012     0.35      0.94      2.5e-05  -0.94      0.35      1        -0.0043   -0.012   
   0.93      0.0085    0.35      0.0048    1        -0.037    -0.35      0.036     0.93    
  -0.0015   -1        -0.03      0.00015   0.03     -1         1        -0.0015    0.0001  
  -0.0015   -1        -0.03      0.00015   0.03     -1         1        -0.0015    0.0001  
   3.7e-06   1         1.3e-11  -3.7e-06  -5.6e-17   1         1        -3.7e-06   3.7e-06 
   3.7e-06   1         1.3e-11  -3.7e-06  -5.6e-17   1         1        -3.7e-06   3.7e-06 

SITE_XPOS
   0.00014  -1.7e-06   0.1     

SITE_XMAT
   1        -0.00012   0         0.00012   1         0         0         0         1       

CAM_XPOS
   0.53      0.00024   1.7     
   0.53      0.00024   1.7     

CAM_XMAT
   0.00012   0.71     -0.7      -1         0.00012  -5.3e-05   4.6e-05   0.7       0.71    
   0.00012   0.71     -0.7      -1         0.00012  -5.3e-05   4.6e-05   0.7       0.71    

SUBTREE_COM
   0.28      0.00065   0.41    
   0         0         2       
   0.027     0.00096   0.38    
  -0.22      0.24      0.1     
  -0.22     -0.24      0.1     
   0.27      0.26      0.075   
   0.27     -0.26      0.075   
   0.19      0.0028    0.9     
   0.21      0.00063   1.1     
   0.21      0.0018    1.2     
   0.21      0.00035   1.2     
   0.22      0.00039   1.3     
   0.2       0.00017   1.5     
   0.24      0.21      1.2     
   0.27      0.21      1.1     
   0.29      0.21      1       
   0.35      0.21      1       
   0.4       0.21      1       
   0.4       0.21      1       
   0.45      0.21      1.1     
   0.45      0.21      1.1     
   0.24     -0.21      1.2     
   0.27     -0.21      1.1     
   0.29     -0.21      1       
   0.35     -0.21      1       
   0.4      -0.21      1       
   0.4      -0.21      1       
   0.45     -0.21      1.1     
   0.45     -0.21      1.1     
   0.99     -0.0046    0.81    
   1        -1.7e-06   0.48    

CDOF
   0         0         0         1         0         0       
   0         0         0         0         1         0       
   0         0         1        -0.00096   0.026     0       
  -0.00012   1         0         0.28      3.4e-05  -0.25    
  -0.00012   1         0         0.28      3.4e-05  -0.25    
  -0.00012   1         0         0.3       3.7e-05   0.24    
  -0.00012   1         0         0.3       3.7e-05   0.24    
   0.00012  -1         6.8e-21  -0.25     -3e-05    -0.16    
  -0.00012   1        -6.8e-21  -0.19     -2.3e-05   0.15    
   0.00012  -1         1.8e-20   0.56      6.9e-05  -0.16    
   1         0.00012  -0.0092   -6e-05     0.56      0.00096 
   0.0092    4.7e-05   1        -0.00097  -0.16      1.6e-05 
  -0.00012   1        -4.6e-05  -0.98     -0.00011   0.17    
   1         0.00012  -0.011    -0.0023    0.97     -0.21    
   0.011     5.1e-05   1         0.21     -0.16     -0.0022  
   0.00012  -1         5e-05     0.67      7.3e-05  -0.16    
   1         0.00012  -0.012    -0.0027    0.66     -0.21    
  -0.00012   1        -6.9e-05  -0.66     -5.7e-05   0.34    
   0.013     7e-05     1         0.21     -0.39     -0.0026  
   0.00012  -1         4.6e-05   0.98      0.00011  -0.17    
   1         0.00012  -0.011     0.0021    0.97      0.21    
   0.011     4.3e-05   1        -0.21     -0.16      0.0023  
  -0.00012   1        -4.2e-05  -0.67     -7.6e-05   0.16    
   1         0.00012  -0.012     0.0025    0.66      0.21    
   0.00012  -1         2.3e-05   0.66      7.3e-05  -0.34    
   0.013     2.5e-05   1        -0.21     -0.39      0.0027  
   0         0         0         1         0         0       
   0         0         0         0         1         0       
   0         0         0         0         0         1       
   1        -0.03      0.0015    0.00012   0.0039    1.9e-07 
  -0.0015    0.00015   1        -6.2e-07  -7.3e-07  -8.2e-10 
  -0.03     -1         0.0001    0.0039   -0.00012   5.2e-06 

CINERT
   0         0         0         0         0         0         0         0         0         0       
   0         0         0         0         0         0         0         0         0         0       
   10        14        6.5      -0.0098   -2.5      -0.023    -8.7      -0.1      -28        92      
   0.17      0.18      0.15      0.074    -0.085     0.081    -0.31      0.29     -0.34      1.2     
   0.17      0.18      0.15     -0.075    -0.085    -0.082    -0.31     -0.3      -0.34      1.2     
   0.08      0.077     0.063    -0.031     0.037     0.039     0.12      0.13     -0.15      0.51    
   0.081     0.077     0.064     0.031     0.037    -0.039     0.12     -0.13     -0.15      0.51    
   0.16      0.44      0.3      -0.014     0.07      0.0029    2.1       0.12     -0.42      17      
   0.88      1.1       0.19      0.007    -0.39      0.015     1        -0.039     2.2       5.8     
   1.1       1.2       0.11     -0.0074   -0.32     -0.025     0.57      0.044     1.9       3.4     
   1.3       1.3       0.066     0.00039  -0.26      0.0019    0.39     -0.0029    1.9       3       
   12        12        0.43      0.00036  -2         0.0033    2.1      -0.0024    12        13      
   0.74      0.76      0.018     7.4e-05  -0.11      0.0005    0.096    -0.00043   0.64      0.55    
   2.1       2         0.14     -0.066    -0.33     -0.4       0.34      0.41      2         2.1     
   0.92      0.91      0.08     -0.038    -0.16     -0.21      0.19      0.23      0.99      1.1     
   0.69      0.66      0.096    -0.046    -0.15     -0.19      0.22      0.28      0.91      1.3     
   0.39      0.4       0.084    -0.041    -0.13     -0.11      0.19      0.17      0.53      0.81    
   0.062     0.068     0.019    -0.0091   -0.026    -0.019     0.04      0.029     0.084     0.13    
   0.53      0.63      0.2      -0.085    -0.27     -0.15      0.41      0.23      0.73      1.1     
   0.047     0.06      0.021    -0.0082   -0.027    -0.013     0.04      0.019     0.063     0.093   
   0.036     0.044     0.013    -0.0052   -0.019    -0.0092    0.025     0.012     0.044     0.06    
   2.1       2         0.14      0.066    -0.33      0.4       0.34     -0.42      2         2.1     
   0.93      0.91      0.081     0.039    -0.16      0.21      0.19     -0.24      0.99      1.1     
   0.69      0.66      0.097     0.046    -0.15      0.19      0.22     -0.28      0.91      1.3     
   0.39      0.4       0.085     0.041    -0.13      0.11      0.19     -0.17      0.53      0.81    
   0.062     0.068     0.019     0.0091   -0.026     0.019     0.04     -0.029     0.084     0.13    
   0.53      0.63      0.2       0.086    -0.27      0.15      0.41     -0.23      0.73      1.1     
   0.047     0.06      0.021     0.0083   -0.027     0.013     0.04     -0.019     0.063     0.093   
   0.036     0.044     0.013     0.0053   -0.019     0.0093    0.025    -0.013     0.044     0.06    
   0.13      0.049     0.17     -0.0023   -6.5e-05   1.5e-05  -3.2e-16   2.5e-18  -3.2e-16   2.9     
   22        5.9       23       -2.3e-10   6.1e-06  -6.4e-05   0         0         0         50      

ACTUATOR_LENGTH
   3.1e-05 
   4.8e-05 
  -6.2e-06 
   0.006   
  -0.0031  
  -4.6e-05 
  -5e-07   
   0.0015  
  -4e-06   
  -8.1e-07 
  -0.0017  
  -1.9e-05 
   0.00023 
   1.9e-09 
  -0.0015  
   4e-06   
   9e-07   
   0.0017  
   1.9e-05 
  -0.00023 
   1.2e-09 

actuator_moment
----------------------------------
    x                             |
     x                            |
        x                         |
         x                        |
          x                       |
           x                      |
            x                     |
             x                    |
              x                   |
               x                  |
                x                 |
                 x                |
                  x               |
                   x              |
                    x             |
                     x            |
                      x           |
                       x          |
                        x         |
                         x        |
                          x       |
----------------------------------

ACTUATOR_MOMENT
     3:  1       
     4:  1       
     7:  1       
     8:  1       
     9:  1       
    10:  1       
    11:  1       
    12:  1       
    13:  1       
    14:  1       
    15:  1       
    16:  1       
    17:  1       
    18:  1       
    19:  1       
    20:  1       
    21:  1       
    22:  1       
    23:  1       
    24:  1       
    25:  1       

CRB
   0         0         0         0         0         0         0         0         0         0       
   0         0         0         0         0         0         0         0         0         0       
   36        40        9.4      -0.021    -7.8      -0.015     2.2e-15   5.6e-17   1.5e-14   1.5e+02 
   0.17      0.18      0.15      0.074    -0.085     0.081    -0.31      0.29     -0.34      1.2     
   0.17      0.18      0.15     -0.075    -0.085    -0.082    -0.31     -0.3      -0.34      1.2     
   0.08      0.077     0.063    -0.031     0.037     0.039     0.12      0.13     -0.15      0.51    
   0.081     0.077     0.064     0.031     0.037    -0.039     0.12     -0.13     -0.15      0.51    
   25        26        2.4      -0.011    -5.2       0.0082    9.1       0.1       29        55      
   25        26        2.1       0.0031   -5.3       0.0053    7.1      -0.013     29        39      
   24        25        1.9      -0.0039   -4.9      -0.0093    6         0.026     27        33      
   23        24        1.8       0.0036   -4.6       0.016     5.5      -0.018     25        30      
   22        22        1.8       0.0032   -4.3       0.014     5.1      -0.015     23        27      
   0.74      0.76      0.018     7.4e-05  -0.11      0.0005    0.096    -0.00043   0.64      0.55    
   4.7       4.8       0.65     -0.3      -1.1      -1.1       1.4       1.4       5.4       6.7     
   2.7       2.8       0.51     -0.23     -0.78     -0.7       1.1       0.98      3.3       4.6     
   1.7       1.9       0.43     -0.19     -0.62     -0.5       0.92      0.74      2.4       3.5     
   1.1       1.2       0.34     -0.15     -0.47     -0.31      0.71      0.46      1.5       2.2     
   0.67      0.8       0.25     -0.11     -0.34     -0.19      0.51      0.29      0.92      1.4     
   0.61      0.73      0.24     -0.099    -0.31     -0.17      0.47      0.26      0.83      1.3     
   0.083     0.1       0.034    -0.013    -0.046    -0.022     0.065     0.032     0.11      0.15    
   0.036     0.044     0.013    -0.0052   -0.019    -0.0092    0.025     0.012     0.044     0.06    
   4.7       4.8       0.66      0.3      -1.1       1.1       1.4      -1.4       5.4       6.7     
   2.7       2.8       0.52      0.23     -0.78      0.71      1.1      -0.98      3.3       4.6     
   1.7       1.9       0.44      0.2      -0.62      0.5       0.92     -0.75      2.4       3.5     
   1.1       1.2       0.34      0.15     -0.47      0.31      0.71     -0.47      1.5       2.2     
   0.67      0.8       0.26      0.11     -0.34      0.19      0.51     -0.29      0.92      1.4     
   0.61      0.73      0.24      0.099    -0.31      0.17      0.47     -0.26      0.83      1.3     
   0.083     0.1       0.034     0.014    -0.046     0.023     0.065    -0.032     0.11      0.15    
   0.036     0.044     0.013     0.0053   -0.019     0.0093    0.025    -0.013     0.044     0.06    
   0.13      0.049     0.17     -0.0023   -6.5e-05   1.5e-05  -3.2e-16   2.5e-18  -3.2e-16   2.9     
   22        5.9       23       -2.3e-10   6.1e-06  -6.4e-05   0         0         0         50      

QM
   1.5e+02 
   0         1.5e+02 
  -0.15      4         9.5     
   1.9e-10   2.3e-14  -3.3e-11   0.014   
  -2.9e-10  -3.5e-14  -5e-11               0.014   
   1.7e-06   2e-10    -4.3e-07                       0.0024  
   1.7e-06   2e-10     4.3e-07                                 0.0024  
  -43       -0.0052    0.057                                             47      
   22        0.0027   -0.018                                            -24        19      
  -8.7      -0.0011    0.0027                                            10       -6.7       7.9     
   0.0011   -8.7      -1.7                                              -8.9e-06  -0.00013   4e-05     4.5     
  -0.0093    0.64      0.93                                              0.01     -0.006     0.0025   -0.05      1.3     
  -1.2      -0.00016   0.26                                              1.1      -0.54      0.083    -0.068     0.26      1.9     
   3.6e-05   1.1       0.32                                              0.00056  -0.00082   0.00067  -0.13      0.1      -0.00068   1.8     
  -0.016     0.34      0.14                                              0.015    -0.0079    0.0018   -0.035     0.073     0.005     0.1       0.45    
   0.016     1.9e-05  -0.0034                                            0.055    -0.066     0.067     0.073    -0.0027   -0.073     0.00069  -4.1e-05   0.59    
   4.9e-05  -0.0084   -0.0037                                            0.0006   -0.00066   0.00063   0.003    -0.0021   -0.00064  -0.0012   -0.0021    0.00063   0.086   
   0.0078   -2.3e-06  -0.0016                                           -0.02      0.017    -0.014    -0.0099   -0.0017    0.01     -7.9e-06   6.5e-07  -0.013    -7.6e-06   0.089   
   2e-05     0.0031    0.0015                                           -2e-05     1.2e-05  -4.1e-06  -0.00042   0.00091  -4.3e-06   0.00085   0.00092  -2e-06    -0.00013   2.1e-06   0.085   
   1.2       0.00016   0.26                                             -1.1       0.54     -0.083    -0.068     0.26                                                                            1.9     
  -0.00032   1.1       0.32                                             -0.00058   0.00084  -0.00069  -0.13      0.1                                                                            -0.00069   1.8     
   0.016     0.34      0.14                                             -0.015     0.008    -0.0018   -0.035     0.073                                                                           0.005     0.1       0.45    
  -0.016    -1.7e-05  -0.0034                                           -0.055     0.066    -0.067     0.073    -0.0027                                                                         -0.073     0.0007   -3.7e-05   0.59    
  -4.7e-05  -0.0084   -0.0037                                           -0.00061   0.00067  -0.00064   0.003    -0.0021                                                                         -0.00065  -0.0012   -0.0021    0.00064   0.086   
  -0.0078    1.5e-07  -0.0016                                            0.02     -0.017     0.014    -0.0099   -0.0017                                                                          0.01     -1.2e-05  -3.6e-06  -0.013    -1.1e-05   0.089   
   2e-05     0.0031    0.0015                                           -2e-05     1.2e-05  -4.1e-06  -0.00042   0.00092                                                                         4.3e-06   0.00085   0.00092   1.9e-06  -0.00013  -2.1e-06   0.085   
                                                                                                                                                                                                                                                                       2.9     
                                                                                                                                                                                                                                                                       0         2.9     
                                                                                                                                                                                                                                                                       0         0         2.9     
                                                                                                                                                                                                                                                                       0.00033   0.011     5.6e-07   0.13    
                                                                                                                                                                                                                                                                      -1.8e-06  -2.1e-06  -2.3e-09   1.6e-07   0.17    
                                                                                                                                                                                                                                                                       0.011    -0.00033   1.5e-05  -2.5e-07  -6.7e-09   0.049   

M
     0:  1.5e+02 
     0:  0          1:  1.5e+02 
     0: -0.15       1:  4          2:  9.5     
     0:  1.9e-10    1:  2.3e-14    2: -3.3e-11    3:  0.014   
     0: -2.9e-10    1: -3.5e-14    2: -5e-11      4:  0.014   
     0:  1.7e-06    1:  2e-10      2: -4.3e-07    5:  0.0024  
     0:  1.7e-06    1:  2e-10      2:  4.3e-07    6:  0.0024  
     0: -43         1: -0.0052     2:  0.057      7:  47      
     0:  22         1:  0.0027     2: -0.018      7: -24         8:  19      
     0: -8.7        1: -0.0011     2:  0.0027     7:  10         8: -6.7        9:  7.9     
     0:  0.0011     1: -8.7        2: -1.7        7: -8.9e-06    8: -0.00013    9:  4e-05     10:  4.5     
     0: -0.0093     1:  0.64       2:  0.93       7:  0.01       8: -0.006      9:  0.0025    10: -0.05      11:  1.3     
     0: -1.2        1: -0.00016    2:  0.26       7:  1.1        8: -0.54       9:  0.083     10: -0.068     11:  0.26      12:  1.9     
     0:  3.6e-05    1:  1.1        2:  0.32       7:  0.00056    8: -0.00082    9:  0.00067   10: -0.13      11:  0.1       12: -0.00068   13:  1.8     
     0: -0.016      1:  0.34       2:  0.14       7:  0.015      8: -0.0079     9:  0.0018    10: -0.035     11:  0.073     12:  0.005     13:  0.1       14:  0.45    
     0:  0.016      1:  1.9e-05    2: -0.0034     7:  0.055      8: -0.066      9:  0.067     10:  0.073     11: -0.0027    12: -0.073     13:  0.00069   14: -4.1e-05   15:  0.59    
     0:  4.9e-05    1: -0.0084     2: -0.0037     7:  0.0006     8: -0.00066    9:  0.00063   10:  0.003     11: -0.0021    12: -0.00064   13: -0.0012    14: -0.0021    15:  0.00063   16:  0.086   
     0:  0.0078     1: -2.3e-06    2: -0.0016     7: -0.02       8:  0.017      9: -0.014     10: -0.0099    11: -0.0017    12:  0.01      13: -7.9e-06   14:  6.5e-07   15: -0.013     16: -7.6e-06   17:  0.089   
     0:  2e-05      1:  0.0031     2:  0.0015     7: -2e-05      8:  1.2e-05    9: -4.1e-06   10: -0.00042   11:  0.00091   12: -4.3e-06   13:  0.00085   14:  0.00092   15: -2e-06     16: -0.00013   17:  2.1e-06   18:  0.085   
     0:  1.2        1:  0.00016    2:  0.26       7: -1.1        8:  0.54       9: -0.083     10: -0.068     11:  0.26      19:  1.9     
     0: -0.00032    1:  1.1        2:  0.32       7: -0.00058    8:  0.00084    9: -0.00069   10: -0.13      11:  0.1       19: -0.00069   20:  1.8     
     0:  0.016      1:  0.34       2:  0.14       7: -0.015      8:  0.008      9: -0.0018    10: -0.035     11:  0.073     19:  0.005     20:  0.1       21:  0.45    
     0: -0.016      1: -1.7e-05    2: -0.0034     7: -0.055      8:  0.066      9: -0.067     10:  0.073     11: -0.0027    19: -0.073     20:  0.0007    21: -3.7e-05   22:  0.59    
     0: -4.7e-05    1: -0.0084     2: -0.0037     7: -0.00061    8:  0.00067    9: -0.00064   10:  0.003     11: -0.0021    19: -0.00065   20: -0.0012    21: -0.0021    22:  0.00064   23:  0.086   
     0: -0.0078     1:  1.5e-07    2: -0.0016     7:  0.02       8: -0.017      9:  0.014     10: -0.0099    11: -0.0017    19:  0.01      20: -1.2e-05   21: -3.6e-06   22: -0.013     23: -1.1e-05   24:  0.089   
     0:  2e-05      1:  0.0031     2:  0.0015     7: -2e-05      8:  1.2e-05    9: -4.1e-06   10: -0.00042   11:  0.00092   19:  4.3e-06   20:  0.00085   21:  0.00092   22:  1.9e-06   23: -0.00013   24: -2.1e-06   25:  0.085   
    26:  2.9     
    26:  0         27:  2.9     
    26:  0         27:  0         28:  2.9     
    26:  0.00033   27:  0.011     28:  5.6e-07   29:  0.13    
    26: -1.8e-06   27: -2.1e-06   28: -2.3e-09   29:  1.6e-07   30:  0.17    
    26:  0.011     27: -0.00033   28:  1.5e-05   29: -2.5e-07   30: -6.7e-09   31:  0.049   

QLD
     0:  1.1e+02 
     0: -1.9e-05    1:  1.3e+02 
     0: -0.011      1: -0.0024     2:  8.1     
     0:  1.3e-08    1:  1.6e-12    2: -2.3e-09    3:  0.014   
     0: -2e-08      1: -2.5e-12    2: -3.5e-09    4:  0.014   
     0:  0.00068    1:  8.3e-08    2: -0.00017    5:  0.0024  
     0:  0.00068    1:  8.3e-08    2:  0.00017    6:  0.0024  
     0: -0.93       1: -0.00019    2:  0.0023     7:  15      
     0:  1.1        1:  0.00021    2: -0.00099    7: -1.1        8:  13      
     0: -1.1        1: -0.00023    2:  0.00014    7:  1.3        8: -0.84       9:  7.9     
     0:  0.00024    1: -1.9        2: -0.37       7:  1.4e-05    8: -4e-05      9:  1.3e-05   10:  4.4     
     0: -0.0076     1:  0.34       2:  0.64       7:  0.0082     8: -0.0049     9:  0.0021    10: -0.0077    11:  1.2     
     0: -0.66       1: -0.0016     2:  0.14       7:  0.59       8: -0.3        9:  0.05      10: -0.031     11:  0.14      12:  1.8     
     0:  0.0022     1:  0.61       2:  0.17       7: -0.0017     8:  0.00064    9:  9.8e-05   10: -0.072     11:  0.05      12: -0.001     13:  1.7     
     0: -0.037      1:  0.77       2:  0.31       7:  0.034      8: -0.018      9:  0.0041    10: -0.077     11:  0.16      12:  0.011     13:  0.23      14:  0.45    
     0:  0.029      1:  0.00014    2: -0.0061     7:  0.088      8: -0.11       9:  0.11      10:  0.12      11: -0.0051    12: -0.12      13:  0.0012    14: -4.3e-05   15:  0.59    
     0:  0.00058    1: -0.097      2: -0.043      7:  0.007      8: -0.0077     9:  0.0073    10:  0.035     11: -0.025     12: -0.0074    13: -0.014     14: -0.025     15:  0.0074    16:  0.086   
     0:  0.087      1: -2.7e-05    2: -0.018      7: -0.22       8:  0.19       9: -0.15      10: -0.11      11: -0.019     12:  0.11      13: -8.9e-05   14:  7e-06     15: -0.14      16: -8.6e-05   17:  0.089   
     0:  0.00023    1:  0.037      2:  0.018      7: -0.00024    8:  0.00014    9: -4.9e-05   10: -0.005     11:  0.011     12: -5.1e-05   13:  0.01      14:  0.011     15: -2.3e-05   16: -0.0015    17:  2.5e-05   18:  0.085   
     0:  0.66       1: -0.0014     2:  0.14       7: -0.59       8:  0.3        9: -0.05      10: -0.031     11:  0.14      19:  1.8     
     0: -0.0024     1:  0.61       2:  0.17       7:  0.0017     8: -0.00064    9: -0.00011   10: -0.072     11:  0.05      19: -0.001     20:  1.7     
     0:  0.037      1:  0.77       2:  0.31       7: -0.034      8:  0.018      9: -0.0041    10: -0.077     11:  0.16      19:  0.011     20:  0.23      21:  0.45    
     0: -0.029      1:  7.8e-05    2: -0.0062     7: -0.088      8:  0.11       9: -0.11      10:  0.12      11: -0.0051    19: -0.12      20:  0.0012    21: -3.7e-05   22:  0.59    
     0: -0.00056    1: -0.097      2: -0.043      7: -0.0071     8:  0.0078     9: -0.0074    10:  0.035     11: -0.025     19: -0.0075    20: -0.014     21: -0.025     22:  0.0075    23:  0.086   
     0: -0.087      1:  2.5e-06    2: -0.018      7:  0.22       8: -0.19       9:  0.15      10: -0.11      11: -0.019     19:  0.11      20: -0.00013   21: -4e-05     22: -0.14      23: -0.00013   24:  0.089   
     0:  0.00023    1:  0.037      2:  0.018      7: -0.00024    8:  0.00014    9: -4.8e-05   10: -0.005     11:  0.011     19:  5.1e-05   20:  0.01      21:  0.011     22:  2.3e-05   23: -0.0015    24: -2.5e-05   25:  0.085   
    26:  2.9     
    26:  1.6e-05   27:  2.9     
    26: -1.2e-06   27:  1.8e-08   28:  2.9     
    26:  0.0026    27:  0.088     28:  4.3e-06   29:  0.13    
    26: -1e-05     27: -1.2e-05   28: -1.4e-08   29:  9.4e-07   30:  0.17    
    26:  0.23      27: -0.0068    28:  0.0003    29: -5e-06     30: -1.4e-07   31:  0.049   

QLDIAGINV
   0.0089  
   0.0075  
   0.12    
   70      
   70      
   4.1e+02 
   4.1e+02 
   0.067   
   0.075   
   0.13    
   0.23    
   0.82    
   0.54    
   0.58    
   2.2     
   1.7     
   12      
   11      
   12      
   0.54    
   0.58    
   2.2     
   1.7     
   12      
   11      
   12      
   0.35    
   0.35    
   0.35    
   7.8     
   5.8     
   20      

M: inertia structure
----------------------------------
 x                                |
 xx                               |
 xxx                              |
 xxxx                             |
 xxx x                            |
 xxx  x                           |
 xxx   x                          |
 xxx    x                         |
 xxx    xx                        |
 xxx    xxx                       |
 xxx    xxxx                      |
 xxx    xxxxx                     |
 xxx    xxxxxx                    |
 xxx    xxxxxxx                   |
 xxx    xxxxxxxx                  |
 xxx    xxxxxxxxx                 |
 xxx    xxxxxxxxxx                |
 xxx    xxxxxxxxxxx               |
 xxx    xxxxxxxxxxxx              |
 xxx    xxxxx       x             |
 xxx    xxxxx       xx            |
 xxx    xxxxx       xxx           |
 xxx    xxxxx       xxxx          |
 xxx    xxxxx       xxxxx         |
 xxx    xxxxx       xxxxxx        |
 xxx    xxxxx       xxxxxxx       |
                           x      |
                           xx     |
                           xxx    |
                           xxxx   |
                           xxxxx  |
                           xxxxxx |
----------------------------------

iM: block-diagonal inertia (nnzs are island ids)
----------------------------------
 0                                |
 00                               |
 000                              |
 0000                             |
 000 0                            |
 000  0                           |
 000   0                          |
 000    0                         |
 000    00                        |
 000    000                       |
 000    0000                      |
 000    00000                     |
 000    000000                    |
 000    0000000                   |
 000    00000000                  |
 000    000000000                 |
 000    0000000000                |
 000    00000000000               |
 000    000000000000              |
 000    00000       0             |
 000    00000       00            |
 000    00000       000           |
 000    00000       0000          |
 000    00000       00000         |
 000    00000       000000        |
 000    00000       0000000       |
                           1      |
                           11     |
                           111    |
                           1111   |
                           11111  |
                           111111 |
----------------------------------

QH
     0:  1.1e+02 
     0: -1.8e-05    1:  1.3e+02 
     0: -0.011      1: -0.0015     2:  8.1     
     0:  1.3e-08    1:  1.6e-12    2: -2.3e-09    3:  0.014   
     0: -2e-08      1: -2.5e-12    2: -3.5e-09    4:  0.014   
     0:  0.00068    1:  8.3e-08    2: -0.00017    5:  0.0025  
     0:  0.00068    1:  8.3e-08    2:  0.00017    6:  0.0025  
     0: -0.93       1: -0.00019    2:  0.0023     7:  15      
     0:  1.1        1:  0.00021    2: -0.00098    7: -1.1        8:  13      
     0: -1.1        1: -0.00023    2:  0.00014    7:  1.3        8: -0.84       9:  7.9     
     0:  0.00024    1: -1.9        2: -0.37       7:  1.4e-05    8: -4e-05      9:  1.3e-05   10:  4.4     
     0: -0.0075     1:  0.34       2:  0.64       7:  0.0081     8: -0.0049     9:  0.0021    10: -0.0081    11:  1.2     
     0: -0.65       1: -0.0016     2:  0.14       7:  0.58       8: -0.29       9:  0.049     10: -0.031     11:  0.14      12:  1.9     
     0:  0.0022     1:  0.6        2:  0.17       7: -0.0017     8:  0.00062    9:  9.9e-05   10: -0.071     11:  0.05      12: -0.001     13:  1.8     
     0: -0.036      1:  0.76       2:  0.31       7:  0.033      8: -0.018      9:  0.004     10: -0.076     11:  0.16      12:  0.011     13:  0.23      14:  0.45    
     0:  0.029      1:  0.00013    2: -0.0061     7:  0.088      8: -0.11       9:  0.11      10:  0.12      11: -0.005     12: -0.12      13:  0.0012    14: -4.3e-05   15:  0.59    
     0:  0.00056    1: -0.095      2: -0.042      7:  0.0068     8: -0.0075     9:  0.0072    10:  0.034     11: -0.024     12: -0.0072    13: -0.013     14: -0.024     15:  0.0072    16:  0.088   
     0:  0.085      1: -2.7e-05    2: -0.018      7: -0.22       8:  0.19       9: -0.15      10: -0.11      11: -0.019     12:  0.11      13: -8.7e-05   14:  6.9e-06   15: -0.14      16: -8.4e-05   17:  0.091   
     0:  0.00023    1:  0.036      2:  0.017      7: -0.00023    8:  0.00013    9: -4.7e-05   10: -0.0049    11:  0.01      12: -5e-05     13:  0.0098    14:  0.011     15: -2.3e-05   16: -0.0015    17:  2.5e-05   18:  0.087   
     0:  0.65       1: -0.0014     2:  0.14       7: -0.58       8:  0.29       9: -0.049     10: -0.031     11:  0.14      19:  1.9     
     0: -0.0023     1:  0.6        2:  0.17       7:  0.0017     8: -0.00062    9: -0.00011   10: -0.071     11:  0.05      19: -0.001     20:  1.8     
     0:  0.036      1:  0.76       2:  0.31       7: -0.033      8:  0.018      9: -0.004     10: -0.076     11:  0.16      19:  0.011     20:  0.23      21:  0.45    
     0: -0.029      1:  7.5e-05    2: -0.0061     7: -0.088      8:  0.11       9: -0.11      10:  0.12      11: -0.005     19: -0.12      20:  0.0012    21: -3.7e-05   22:  0.59    
     0: -0.00055    1: -0.095      2: -0.042      7: -0.0069     8:  0.0076     9: -0.0073    10:  0.034     11: -0.024     19: -0.0073    20: -0.013     21: -0.024     22:  0.0073    23:  0.088   
     0: -0.085      1:  2.4e-06    2: -0.018      7:  0.22       8: -0.19       9:  0.15      10: -0.11      11: -0.019     19:  0.11      20: -0.00013   21: -3.9e-05   22: -0.14      23: -0.00012   24:  0.091   
     0:  0.00023    1:  0.036      2:  0.018      7: -0.00023    8:  0.00013    9: -4.7e-05   10: -0.0049    11:  0.011     19:  5e-05     20:  0.0098    21:  0.011     22:  2.2e-05   23: -0.0015    24: -2.5e-05   25:  0.087   
    26:  2.9     
    26:  1.6e-05   27:  2.9     
    26: -1.2e-06   27:  1.8e-08   28:  2.9     
    26:  0.0026    27:  0.088     28:  4.3e-06   29:  0.13    
    26: -1e-05     27: -1.2e-05   28: -1.4e-08   29:  9.4e-07   30:  0.17    
    26:  0.23      27: -0.0068    28:  0.0003    29: -5e-06     30: -1.4e-07   31:  0.049   

QHDIAGINV
   0.0089  
   0.0075  
   0.12    
   70      
   70      
   4.1e+02 
   4.1e+02 
   0.066   
   0.074   
   0.13    
   0.23    
   0.81    
   0.53    
   0.57    
   2.2     
   1.7     
   11      
   11      
   12      
   0.53    
   0.57    
   2.2     
   1.7     
   11      
   11      
   12      
   0.35    
   0.35    
   0.35    
   7.8     
   5.8     
   20      

TREE_AWAKE
  1 1

BODY_AWAKE
  -1 1 1 1 1 1 1 1 1 1 1 1 1 1 1 1 1 1 1 1 1 1 1 1 1 1 1 1 1 1 -1

BODY_AWAKE_IND
  0 1 2 3 4 5 6 7 8 9 10 11 12 13 14 15 16 17 18 19 20 21 22 23 24 25 26 27 28 29 30

PARENT_AWAKE_IND
  1 2 3 4 5 6 7 8 9 10 11 12 13 14 15 16 17 18 19 20 21 22 23 24 25 26 27 28 29 30

DOF_AWAKE_IND
  0 1 2 3 4 5 6 7 8 9 10 11 12 13 14 15 16 17 18 19 20 21 22 23 24 25 26 27 28 29 30 31

QDERIV
     0:  0          1:  0          2:  0          3:  0          4:  0          5:  0          6:  0          7:  0          8:  0          9:  0         10:  0         11:  0         12:  0         13:  0         14:  0         15:  0         16:  0         17:  0         18:  0         19:  0         20:  0         21:  0         22:  0         23:  0         24:  0         25:  0       
     0:  0          1:  0          2:  0          3:  0          4:  0          5:  0          6:  0          7:  0          8:  0          9:  0         10:  0         11:  0         12:  0         13:  0         14:  0         15:  0         16:  0         17:  0         18:  0         19:  0         20:  0         21:  0         22:  0         23:  0         24:  0         25:  0       
     0:  0          1:  0          2:  0          3:  0          4:  0          5:  0          6:  0          7:  0          8:  0          9:  0         10:  0         11:  0         12:  0         13:  0         14:  0         15:  0         16:  0         17:  0         18:  0         19:  0         20:  0         21:  0         22:  0         23:  0         24:  0         25:  0       
     0:  0          1:  0          2:  0          3: -0.01    
     0:  0          1:  0          2:  0          4: -0.01    
     0:  0          1:  0          2:  0          5: -0.001   
     0:  0          1:  0          2:  0          6: -0.001   
     0:  0          1:  0          2:  0          7: -19         8:  0          9:  0         10:  0         11:  0         12:  0         13:  0         14:  0         15:  0         16:  0         17:  0         18:  0         19:  0         20:  0         21:  0         22:  0         23:  0         24:  0         25:  0       
     0:  0          1:  0          2:  0          7:  0          8: -19         9:  0         10:  0         11:  0         12:  0         13:  0         14:  0         15:  0         16:  0         17:  0         18:  0         19:  0         20:  0         21:  0         22:  0         23:  0         24:  0         25:  0       
     0:  0          1:  0          2:  0          7:  0          8:  0          9: -19        10:  0         11:  0         12:  0         13:  0         14:  0         15:  0         16:  0         17:  0         18:  0         19:  0         20:  0         21:  0         22:  0         23:  0         24:  0         25:  0       
     0:  0          1:  0          2:  0          7:  0          8:  0          9:  0         10: -2.3       11:  0         12:  0         13:  0         14:  0         15:  0         16:  0         17:  0         18:  0         19:  0         20:  0         21:  0         22:  0         23:  0         24:  0         25:  0       
     0:  0          1:  0          2:  0          7:  0          8:  0          9:  0         10:  0         11: -2.3       12:  0         13:  0         14:  0         15:  0         16:  0         17:  0         18:  0         19:  0         20:  0         21:  0         22:  0         23:  0         24:  0         25:  0       
     0:  0          1:  0          2:  0          7:  0          8:  0          9:  0         10:  0         11:  0         12: -13        13:  0         14:  0         15:  0         16:  0         17:  0         18:  0       
     0:  0          1:  0          2:  0          7:  0          8:  0          9:  0         10:  0         11:  0         12:  0         13: -13        14:  0         15:  0         16:  0         17:  0         18:  0       
     0:  0          1:  0          2:  0          7:  0          8:  0          9:  0         10:  0         11:  0         12:  0         13:  0         14: -2.2       15:  0         16:  0         17:  0         18:  0       
     0:  0          1:  0          2:  0          7:  0          8:  0          9:  0         10:  0         11:  0         12:  0         13:  0         14:  0         15: -2.3       16:  0         17:  0         18:  0       
     0:  0          1:  0          2:  0          7:  0          8:  0          9:  0         10:  0         11:  0         12:  0         13:  0         14:  0         15:  0         16: -1         17:  0         18:  0       
     0:  0          1:  0          2:  0          7:  0          8:  0          9:  0         10:  0         11:  0         12:  0         13:  0         14:  0         15:  0         16:  0         17: -1         18:  0       
     0:  0          1:  0          2:  0          7:  0          8:  0          9:  0         10:  0         11:  0         12:  0         13:  0         14:  0         15:  0         16:  0         17:  0         18: -1       
     0:  0          1:  0          2:  0          7:  0          8:  0          9:  0         10:  0         11:  0         19: -13        20:  0         21:  0         22:  0         23:  0         24:  0         25:  0       
     0:  0          1:  0          2:  0          7:  0          8:  0          9:  0         10:  0         11:  0         19:  0         20: -13        21:  0         22:  0         23:  0         24:  0         25:  0       
     0:  0          1:  0          2:  0          7:  0          8:  0          9:  0         10:  0         11:  0         19:  0         20:  0         21: -2.2       22:  0         23:  0         24:  0         25:  0       
     0:  0          1:  0          2:  0          7:  0          8:  0          9:  0         10:  0         11:  0         19:  0         20:  0         21:  0         22: -2.3       23:  0         24:  0         25:  0       
     0:  0          1:  0          2:  0          7:  0          8:  0          9:  0         10:  0         11:  0         19:  0         20:  0         21:  0         22:  0         23: -1         24:  0         25:  0       
     0:  0          1:  0          2:  0          7:  0          8:  0          9:  0         10:  0         11:  0         19:  0         20:  0         21:  0         22:  0         23:  0         24: -1         25:  0       
     0:  0          1:  0          2:  0          7:  0          8:  0          9:  0         10:  0         11:  0         19:  0         20:  0         21:  0         22:  0         23:  0         24:  0         25: -1       
    26:  0         27:  0         28:  0         29:  0         30:  0         31:  0       
    26:  0         27:  0         28:  0         29:  0         30:  0         31:  0       
    26:  0         27:  0         28:  0         29:  0         30:  0         31:  0       
    26:  0         27:  0         28:  0         29:  0         30:  0         31:  0       
    26:  0         27:  0         28:  0         29:  0         30:  0         31:  0       
    26:  0         27:  0         28:  0         29:  0         30:  0         31:  0       

CONTACT
  0:
     dim           3
     geoms         floor : wheel_drive_left_link_collision
     exclude       0
     efc_address   26
     solref         0.02      1       
     solimp         0.9       0.95      0.001     0.5       2       
     dist          -3.1e-05 
     includemargin  0       
     pos           -0.22      0.27     -1.5e-05 
     frame          0         0         1         0         1         0        -1         0         0       
     friction       0.6       0.6       0.005     0.0001    0.0001  
     mu             0.6     
     force          2.8e+02   0.08      0.3       0         0         0       
  1:
     dim           3
     geoms         floor : wheel_drive_left_link_collision
     exclude       0
     efc_address   30
     solref         0.02      1       
     solimp         0.9       0.95      0.001     0.5       2       
     dist          -3.1e-05 
     includemargin  0       
     pos           -0.22      0.21     -1.5e-05 
     frame          0         0         1         0         1         0        -1         0         0       
     friction       0.6       0.6       0.005     0.0001    0.0001  
     mu             0.6     
     force          2.8e+02   0.08      0.32      0         0         0       
  2:
     dim           3
     geoms         floor : wheel_drive_right_link_collision
     exclude       0
     efc_address   34
     solref         0.02      1       
     solimp         0.9       0.95      0.001     0.5       2       
     dist          -3.1e-05 
     includemargin  0       
     pos           -0.22     -0.28     -1.5e-05 
     frame          0         0         1         0         1         0        -1         0         0       
     friction       0.6       0.6       0.005     0.0001    0.0001  
     mu             0.6     
     force          2.8e+02   0.08      0.49      0         0         0       
  3:
     dim           3
     geoms         floor : wheel_drive_right_link_collision
     exclude       0
     efc_address   38
     solref         0.02      1       
     solimp         0.9       0.95      0.001     0.5       2       
     dist          -3.1e-05 
     includemargin  0       
     pos           -0.22     -0.21     -1.5e-05 
     frame          0         0         1         0         1         0        -1         0         0       
     friction       0.6       0.6       0.005     0.0001    0.0001  
     mu             0.6     
     force          2.8e+02   0.08      0.46      0         0         0       
  4:
     dim           3
     geoms         floor : wheel_driven_left_link_collision
     exclude       0
     efc_address   42
     solref         0.02      1       
     solimp         0.9       0.95      0.001     0.5       2       
     dist          -0.00023 
     includemargin  0       
     pos            0.27      0.26     -0.00012 
     frame          0         0         1         0         1         0        -1         0         0       
     friction       0.6       0.6       0.005     0.0001    0.0001  
     mu             0.6     
     force          2.1e+03  -0.08     -0.16      0         0         0       
  5:
     dim           3
     geoms         floor : wheel_driven_left_link_collision
     exclude       0
     efc_address   46
     solref         0.02      1       
     solimp         0.9       0.95      0.001     0.5       2       
     dist          -0.00023 
     includemargin  0       
     pos            0.27      0.21     -0.00012 
     frame          0         0         1         0         1         0        -1         0         0       
     friction       0.6       0.6       0.005     0.0001    0.0001  
     mu             0.6     
     force          2.1e+03  -0.08     -0.14      0         0         0       
  6:
     dim           3
     geoms         floor : wheel_driven_right_link_collision
     exclude       0
     efc_address   50
     solref         0.02      1       
     solimp         0.9       0.95      0.001     0.5       2       
     dist          -0.00022 
     includemargin  0       
     pos            0.27     -0.26     -0.00011 
     frame          0         0         1         0         1         0        -1         0         0       
     friction       0.6       0.6       0.005     0.0001    0.0001  
     mu             0.6     
     force          1.9e+03  -0.079    -0.67      0         0         0       
  7:
     dim           3
     geoms         floor : wheel_driven_right_link_collision
     exclude       0
     efc_address   54
     solref         0.02      1       
     solimp         0.9       0.95      0.001     0.5       2       
     dist          -0.00022 
     includemargin  0       
     pos            0.27     -0.21     -0.00011 
     frame          0         0         1         0         1         0        -1         0         0       
     friction       0.6       0.6       0.005     0.0001    0.0001  
     mu             0.6     
     force          1.9e+03  -0.079    -0.69      0         0         0       
  8:
     dim           3
     geoms         scene_box_collision : scene_table_collision
     exclude       0
     efc_address   58
     solref         0.02      1       
     solimp         0.9       0.95      0.001     0.5       2       
     dist          -0.00028 
     includemargin  0       
     pos            1.2       0.33      0.75    
     frame         -3.7e-06   3.7e-06  -1         1.3e-11   1         3.7e-06   1         0        -3.7e-06 
     friction       1         1         0.005     0.0001    0.0001  
     mu             1       
     force          7.1      -7.1e-05   0.0014    0         0         0       
  9:
     dim           3
     geoms         scene_box_collision : scene_table_collision
     exclude       0
     efc_address   62
     solref         0.02      1       
     solimp         0.9       0.95      0.001     0.5       2       
     dist          -0.00028 
     includemargin  0       
     pos            1.2      -0.34      0.75    
     frame         -3.7e-06   3.7e-06  -1         1.3e-11   1         3.7e-06   1         0        -3.7e-06 
     friction       1         1         0.005     0.0001    0.0001  
     mu             1       
     force          0.082    -7.1e-05   0.0014    0         0         0       
  10:
     dim           3
     geoms         scene_box_collision : scene_table_collision
     exclude       0
     efc_address   66
     solref         0.02      1       
     solimp         0.9       0.95      0.001     0.5       2       
     dist          -0.00028 
     includemargin  0       
     pos            1.2       0.32      0.75    
     frame         -3.7e-06   3.7e-06  -1         1.3e-11   1         3.7e-06   1         0        -3.7e-06 
     friction       1         1         0.005     0.0001    0.0001  
     mu             1       
     force          6.9      -7.1e-05   0.0014    0         0         0       
  11:
     dim           3
     geoms         scene_box_collision : scene_table_collision
     exclude       0
     efc_address   70
     solref         0.02      1       
     solimp         0.9       0.95      0.001     0.5       2       
     dist          -0.00028 
     includemargin  0       
     pos            0.77     -0.33      0.75    
     frame         -3.7e-06   3.7e-06  -1         1.3e-11   1         3.7e-06   1         0        -3.7e-06 
     friction       1         1         0.005     0.0001    0.0001  
     mu             1       
     force          14       -8.3e-05   0.0014    0         0         0       

EFC_TYPE
  1
  1
  1
  1
  1
  1
  1
  1
  1
  1
  1
  1
  1
  1
  1
  1
  1
  1
  1
  1
  1
  1
  1
  3
  3
  3
  6
  6
  6
  6
  6
  6
  6
  6
  6
  6
  6
  6
  6
  6
  6
  6
  6
  6
  6
  6
  6
  6
  6
  6
  6
  6
  6
  6
  6
  6
  6
  6
  6
  6
  6
  6
  6
  6
  6
  6
  6
  6
  6
  6
  6
  6
  6
  6

EFC_ID
  3
  4
  5
  6
  7
  8
  9
  10
  11
  12
  13
  14
  15
  16
  17
  18
  19
  20
  21
  22
  23
  24
  25
  7
  13
  20
  0
  0
  0
  0
  1
  1
  1
  1
  2
  2
  2
  2
  3
  3
  3
  3
  4
  4
  4
  4
  5
  5
  5
  5
  6
  6
  6
  6
  7
  7
  7
  7
  8
  8
  8
  8
  9
  9
  9
  9
  10
  10
  10
  10
  11
  11
  11
  11

EFC_J
   0         0         0         1         0         0         0         0         0         0         0         0         0         0         0         0         0         0         0         0         0         0         0         0         0         0         0         0         0         0         0         0       
   0         0         0         0         1         0         0         0         0         0         0         0         0         0         0         0         0         0         0         0         0         0         0         0         0         0         0         0         0         0         0         0       
   0         0         0         0         0         1         0         0         0         0         0         0         0         0         0         0         0         0         0         0         0         0         0         0         0         0         0         0         0         0         0         0       
   0         0         0         0         0         0         1         0         0         0         0         0         0         0         0         0         0         0         0         0         0         0         0         0         0         0         0         0         0         0         0         0       
   0         0         0         0         0         0         0         1         0         0         0         0         0         0         0         0         0         0         0         0         0         0         0         0         0         0         0         0         0         0         0         0       
   0         0         0         0         0         0         0         0         1         0         0         0         0         0         0         0         0         0         0         0         0         0         0         0         0         0         0         0         0         0         0         0       
   0         0         0         0         0         0         0         0         0         1         0         0         0         0         0         0         0         0         0         0         0         0         0         0         0         0         0         0         0         0         0         0       
   0         0         0         0         0         0         0         0         0         0         1         0         0         0         0         0         0         0         0         0         0         0         0         0         0         0         0         0         0         0         0         0       
   0         0         0         0         0         0         0         0         0         0         0         1         0         0         0         0         0         0         0         0         0         0         0         0         0         0         0         0         0         0         0         0       
   0         0         0         0         0         0         0         0         0         0         0         0         1         0         0         0         0         0         0         0         0         0         0         0         0         0         0         0         0         0         0         0       
   0         0         0         0         0         0         0         0         0         0         0         0         0         1         0         0         0         0         0         0         0         0         0         0         0         0         0         0         0         0         0         0       
   0         0         0         0         0         0         0         0         0         0         0         0         0         0         1         0         0         0         0         0         0         0         0         0         0         0         0         0         0         0         0         0       
   0         0         0         0         0         0         0         0         0         0         0         0         0         0         0         1         0         0         0         0         0         0         0         0         0         0         0         0         0         0         0         0       
   0         0         0         0         0         0         0         0         0         0         0         0         0         0         0         0         1         0         0         0         0         0         0         0         0         0         0         0         0         0         0         0       
   0         0         0         0         0         0         0         0         0         0         0         0         0         0         0         0         0         1         0         0         0         0         0         0         0         0         0         0         0         0         0         0       
   0         0         0         0         0         0         0         0         0         0         0         0         0         0         0         0         0         0         1         0         0         0         0         0         0         0         0         0         0         0         0         0       
   0         0         0         0         0         0         0         0         0         0         0         0         0         0         0         0         0         0         0         1         0         0         0         0         0         0         0         0         0         0         0         0       
   0         0         0         0         0         0         0         0         0         0         0         0         0         0         0         0         0         0         0         0         1         0         0         0         0         0         0         0         0         0         0         0       
   0         0         0         0         0         0         0         0         0         0         0         0         0         0         0         0         0         0         0         0         0         1         0         0         0         0         0         0         0         0         0         0       
   0         0         0         0         0         0         0         0         0         0         0         0         0         0         0         0         0         0         0         0         0         0         1         0         0         0         0         0         0         0         0         0       
   0         0         0         0         0         0         0         0         0         0         0         0         0         0         0         0         0         0         0         0         0         0         0         1         0         0         0         0         0         0         0         0       
   0         0         0         0         0         0         0         0         0         0         0         0         0         0         0         0         0         0         0         0         0         0         0         0         1         0         0         0         0         0         0         0       
   0         0         0         0         0         0         0         0         0         0         0         0         0         0         0         0         0         0         0         0         0         0         0         0         0         1         0         0         0         0         0         0       
   0         0         0         0         0         0         0         1         0         0         0         0         0         0         0         0         0         0         0         0         0         0         0         0         0         0         0         0         0         0         0         0       
   0         0         0         0         0         0         0         0         0         0         0         0         0         1         0         0         0         0         0         0         0         0         0         0         0         0         0         0         0         0         0         0       
   0         0         0         0         0         0         0         0         0         0         0         0         0         0         0         0         0         0         0         0        -1         0         0         0         0         0         0         0         0         0         0         0       
   0         0.6      -0.14     -7.4e-06   0         0         0         0         0         0         0         0         0         0         0         0         0         0         0         0         0         0         0         0         0         0         0         0         0         0         0         0       
   0        -0.6       0.14      7.4e-06   0         0         0         0         0         0         0         0         0         0         0         0         0         0         0         0         0         0         0         0         0         0         0         0         0         0         0         0       
  -0.6       0         0.16      0.06      0         0         0         0         0         0         0         0         0         0         0         0         0         0         0         0         0         0         0         0         0         0         0         0         0         0         0         0       
   0.6       0        -0.16     -0.06      0         0         0         0         0         0         0         0         0         0         0         0         0         0         0         0         0         0         0         0         0         0         0         0         0         0         0         0       
   0         0.6      -0.14     -7.4e-06   0         0         0         0         0         0         0         0         0         0         0         0         0         0         0         0         0         0         0         0         0         0         0         0         0         0         0         0       
   0        -0.6       0.14      7.4e-06   0         0         0         0         0         0         0         0         0         0         0         0         0         0         0         0         0         0         0         0         0         0         0         0         0         0         0         0       
  -0.6       0         0.13      0.06      0         0         0         0         0         0         0         0         0         0         0         0         0         0         0         0         0         0         0         0         0         0         0         0         0         0         0         0       
   0.6       0        -0.13     -0.06      0         0         0         0         0         0         0         0         0         0         0         0         0         0         0         0         0         0         0         0         0         0         0         0         0         0         0         0       
   0         0.6      -0.13      0        -7.4e-06   0         0         0         0         0         0         0         0         0         0         0         0         0         0         0         0         0         0         0         0         0         0         0         0         0         0         0       
   0        -0.6       0.13      0         7.4e-06   0         0         0         0         0         0         0         0         0         0         0         0         0         0         0         0         0         0         0         0         0         0         0         0         0         0         0       
  -0.6       0        -0.17      0         0.06      0         0         0         0         0         0         0         0         0         0         0         0         0         0         0         0         0         0         0         0         0         0         0         0         0         0         0       
   0.6       0         0.17      0        -0.06      0         0         0         0         0         0         0         0         0         0         0         0         0         0         0         0         0         0         0         0         0         0         0         0         0         0         0       
   0         0.6      -0.13      0        -7.4e-06   0         0         0         0         0         0         0         0         0         0         0         0         0         0         0         0         0         0         0         0         0         0         0         0         0         0         0       
   0        -0.6       0.13      0         7.4e-06   0         0         0         0         0         0         0         0         0         0         0         0         0         0         0         0         0         0         0         0         0         0         0         0         0         0         0       
  -0.6       0        -0.13      0         0.06      0         0         0         0         0         0         0         0         0         0         0         0         0         0         0         0         0         0         0         0         0         0         0         0         0         0         0       
   0.6       0         0.13      0        -0.06      0         0         0         0         0         0         0         0         0         0         0         0         0         0         0         0         0         0         0         0         0         0         0         0         0         0         0       
   0         0.6       0.16      0         0         4.2e-09   0         0         0         0         0         0         0         0         0         0         0         0         0         0         0         0         0         0         0         0         0         0         0         0         0         0       
   0        -0.6      -0.16      0         0         1.1e-05   0         0         0         0         0         0         0         0         0         0         0         0         0         0         0         0         0         0         0         0         0         0         0         0         0         0       
  -0.6       0         0.15      0         0         0.045     0         0         0         0         0         0         0         0         0         0         0         0         0         0         0         0         0         0         0         0         0         0         0         0         0         0       
   0.6       0        -0.15      0         0        -0.045     0         0         0         0         0         0         0         0         0         0         0         0         0         0         0         0         0         0         0         0         0         0         0         0         0         0       
   0         0.6       0.16      0         0         4.2e-09   0         0         0         0         0         0         0         0         0         0         0         0         0         0         0         0         0         0         0         0         0         0         0         0         0         0       
   0        -0.6      -0.16      0         0         1.1e-05   0         0         0         0         0         0         0         0         0         0         0         0         0         0         0         0         0         0         0         0         0         0         0         0         0         0       
  -0.6       0         0.12      0         0         0.045     0         0         0         0         0         0         0         0         0         0         0         0         0         0         0         0         0         0         0         0         0         0         0         0         0         0       
   0.6       0        -0.12      0         0        -0.045     0         0         0         0         0         0         0         0         0         0         0         0         0         0         0         0         0         0         0         0         0         0         0         0         0         0       
   0         0.6       0.16      0         0         0         2.1e-05   0         0         0         0         0         0         0         0         0         0         0         0         0         0         0         0         0         0         0         0         0         0         0         0         0       
   0        -0.6      -0.16      0         0         0         3.2e-05   0         0         0         0         0         0         0         0         0         0         0         0         0         0         0         0         0         0         0         0         0         0         0         0         0       
  -0.6       0        -0.15      0         0         0         0.045     0         0         0         0         0         0         0         0         0         0         0         0         0         0         0         0         0         0         0         0         0         0         0         0         0       
   0.6       0         0.15      0         0         0        -0.045     0         0         0         0         0         0         0         0         0         0         0         0         0         0         0         0         0         0         0         0         0         0         0         0         0       
   0         0.6       0.16      0         0         0         2.1e-05   0         0         0         0         0         0         0         0         0         0         0         0         0         0         0         0         0         0         0         0         0         0         0         0         0       
   0        -0.6      -0.16      0         0         0         3.2e-05   0         0         0         0         0         0         0         0         0         0         0         0         0         0         0         0         0         0         0         0         0         0         0         0         0       
  -0.6       0        -0.12      0         0         0         0.045     0         0         0         0         0         0         0         0         0         0         0         0         0         0         0         0         0         0         0         0         0         0         0         0         0       
   0.6       0         0.12      0         0         0        -0.045     0         0         0         0         0         0         0         0         0         0         0         0         0         0         0         0         0         0         0         0         0         0         0         0         0       
   0         0         0         0         0         0         0         0         0         0         0         0         0         0         0         0         0         0         0         0         0         0         0         0         0         0         3.7e-06  -1         1         0.28     -0.21      0.2     
   0         0         0         0         0         0         0         0         0         0         0         0         0         0         0         0         0         0         0         0         0         0         0         0         0         0         3.7e-06   1         1         0.4       0.21      0.2     
   0         0         0         0         0         0         0         0         0         0         0         0         0         0         0         0         0         0         0         0         0         0         0         0         0         0        -1        -3.7e-06   1         0.33      0.33      0.14    
   0         0         0         0         0         0         0         0         0         0         0         0         0         0         0         0         0         0         0         0         0         0         0         0         0         0         1        -3.7e-06   1         0.34     -0.33      0.26    
   0         0         0         0         0         0         0         0         0         0         0         0         0         0         0         0         0         0         0         0         0         0         0         0         0         0         3.7e-06  -1         1        -0.39     -0.19      0.2     
   0         0         0         0         0         0         0         0         0         0         0         0         0         0         0         0         0         0         0         0         0         0         0         0         0         0         3.7e-06   1         1        -0.27      0.19      0.2     
   0         0         0         0         0         0         0         0         0         0         0         0         0         0         0         0         0         0         0         0         0         0         0         0         0         0        -1        -3.7e-06   1        -0.34     -0.34      0.14    
   0         0         0         0         0         0         0         0         0         0         0         0         0         0         0         0         0         0         0         0         0         0         0         0         0         0         1        -3.7e-06   1        -0.33      0.34      0.26    
   0         0         0         0         0         0         0         0         0         0         0         0         0         0         0         0         0         0         0         0         0         0         0         0         0         0         3.7e-06  -1         1         0.27     -0.21      0.2     
   0         0         0         0         0         0         0         0         0         0         0         0         0         0         0         0         0         0         0         0         0         0         0         0         0         0         3.7e-06   1         1         0.39      0.21      0.2     
   0         0         0         0         0         0         0         0         0         0         0         0         0         0         0         0         0         0         0         0         0         0         0         0         0         0        -1        -3.7e-06   1         0.33      0.33      0.14    
   0         0         0         0         0         0         0         0         0         0         0         0         0         0         0         0         0         0         0         0         0         0         0         0         0         0         1        -3.7e-06   1         0.33     -0.33      0.26    
   0         0         0         0         0         0         0         0         0         0         0         0         0         0         0         0         0         0         0         0         0         0         0         0         0         0         3.7e-06  -1         1        -0.39      0.21     -0.2     
   0         0         0         0         0         0         0         0         0         0         0         0         0         0         0         0         0         0         0         0         0         0         0         0         0         0         3.7e-06   1         1        -0.27     -0.21     -0.2     
   0         0         0         0         0         0         0         0         0         0         0         0         0         0         0         0         0         0         0         0         0         0         0         0         0         0        -1        -3.7e-06   1        -0.34     -0.33     -0.26    
   0         0         0         0         0         0         0         0         0         0         0         0         0         0         0         0         0         0         0         0         0         0         0         0         0         0         1        -3.7e-06   1        -0.33      0.33     -0.14    

IEFC_J
   0         0         0         1         0         0         0         0         0         0         0         0         0         0         0         0         0         0         0         0         0         0         0         0         0         0       ......... ......... ......... ......... ......... ......... 
   0         0         0         0         1         0         0         0         0         0         0         0         0         0         0         0         0         0         0         0         0         0         0         0         0         0       ......... ......... ......... ......... ......... ......... 
   0         0         0         0         0         1         0         0         0         0         0         0         0         0         0         0         0         0         0         0         0         0         0         0         0         0       ......... ......... ......... ......... ......... ......... 
   0         0         0         0         0         0         1         0         0         0         0         0         0         0         0         0         0         0         0         0         0         0         0         0         0         0       ......... ......... ......... ......... ......... ......... 
   0         0         0         0         0         0         0         1         0         0         0         0         0         0         0         0         0         0         0         0         0         0         0         0         0         0       ......... ......... ......... ......... ......... ......... 
   0         0         0         0         0         0         0         0         1         0         0         0         0         0         0         0         0         0         0         0         0         0         0         0         0         0       ......... ......... ......... ......... ......... ......... 
   0         0         0         0         0         0         0         0         0         1         0         0         0         0         0         0         0         0         0         0         0         0         0         0         0         0       ......... ......... ......... ......... ......... ......... 
   0         0         0         0         0         0         0         0         0         0         1         0         0         0         0         0         0         0         0         0         0         0         0         0         0         0       ......... ......... ......... ......... ......... ......... 
   0         0         0         0         0         0         0         0         0         0         0         1         0         0         0         0         0         0         0         0         0         0         0         0         0         0       ......... ......... ......... ......... ......... ......... 
   0         0         0         0         0         0         0         0         0         0         0         0         1         0         0         0         0         0         0         0         0         0         0         0         0         0       ......... ......... ......... ......... ......... ......... 
   0         0         0         0         0         0         0         0         0         0         0         0         0         1         0         0         0         0         0         0         0         0         0         0         0         0       ......... ......... ......... ......... ......... ......... 
   0         0         0         0         0         0         0         0         0         0         0         0         0         0         1         0         0         0         0         0         0         0         0         0         0         0       ......... ......... ......... ......... ......... ......... 
   0         0         0         0         0         0         0         0         0         0         0         0         0         0         0         1         0         0         0         0         0         0         0         0         0         0       ......... ......... ......... ......... ......... ......... 
   0         0         0         0         0         0         0         0         0         0         0         0         0         0         0         0         1         0         0         0         0         0         0         0         0         0       ......... ......... ......... ......... ......... ......... 
   0         0         0         0         0         0         0         0         0         0         0         0         0         0         0         0         0         1         0         0         0         0         0         0         0         0       ......... ......... ......... ......... ......... ......... 
   0         0         0         0         0         0         0         0         0         0         0         0         0         0         0         0         0         0         1         0         0         0         0         0         0         0       ......... ......... ......... ......... ......... ......... 
   0         0         0         0         0         0         0         0         0         0         0         0         0         0         0         0         0         0         0         1         0         0         0         0         0         0       ......... ......... ......... ......... ......... ......... 
   0         0         0         0         0         0         0         0         0         0         0         0         0         0         0         0         0         0         0         0         1         0         0         0         0         0       ......... ......... ......... ......... ......... ......... 
   0         0         0         0         0         0         0         0         0         0         0         0         0         0         0         0         0         0         0         0         0         1         0         0         0         0       ......... ......... ......... ......... ......... ......... 
   0         0         0         0         0         0         0         0         0         0         0         0         0         0         0         0         0         0         0         0         0         0         1         0         0         0       ......... ......... ......... ......... ......... ......... 
   0         0         0         0         0         0         0         0         0         0         0         0         0         0         0         0         0         0         0         0         0         0         0         1         0         0       ......... ......... ......... ......... ......... ......... 
   0         0         0         0         0         0         0         0         0         0         0         0         0         0         0         0         0         0         0         0         0         0         0         0         1         0       ......... ......... ......... ......... ......... ......... 
   0         0         0         0         0         0         0         0         0         0         0         0         0         0         0         0         0         0         0         0         0         0         0         0         0         1       ......... ......... ......... ......... ......... ......... 
   0         0         0         0         0         0         0         1         0         0         0         0         0         0         0         0         0         0         0         0         0         0         0         0         0         0       ......... ......... ......... ......... ......... ......... 
   0         0         0         0         0         0         0         0         0         0         0         0         0         1         0         0         0         0         0         0         0         0         0         0         0         0       ......... ......... ......... ......... ......... ......... 
   0         0         0         0         0         0         0         0         0         0         0         0         0         0         0         0         0         0         0         0        -1         0         0         0         0         0       ......... ......... ......... ......... ......... ......... 
   0         0.6      -0.14     -7.4e-06   0         0         0         0         0         0         0         0         0         0         0         0         0         0         0         0         0         0         0         0         0         0       ......... ......... ......... ......... ......... ......... 
   0        -0.6       0.14      7.4e-06   0         0         0         0         0         0         0         0         0         0         0         0         0         0         0         0         0         0         0         0         0         0       ......... ......... ......... ......... ......... ......... 
  -0.6       0         0.16      0.06      0         0         0         0         0         0         0         0         0         0         0         0         0         0         0         0         0         0         0         0         0         0       ......... ......... ......... ......... ......... ......... 
   0.6       0        -0.16     -0.06      0         0         0         0         0         0         0         0         0         0         0         0         0         0         0         0         0         0         0         0         0         0       ......... ......... ......... ......... ......... ......... 
   0         0.6      -0.14     -7.4e-06   0         0         0         0         0         0         0         0         0         0         0         0         0         0         0         0         0         0         0         0         0         0       ......... ......... ......... ......... ......... ......... 
   0        -0.6       0.14      7.4e-06   0         0         0         0         0         0         0         0         0         0         0         0         0         0         0         0         0         0         0         0         0         0       ......... ......... ......... ......... ......... ......... 
  -0.6       0         0.13      0.06      0         0         0         0         0         0         0         0         0         0         0         0         0         0         0         0         0         0         0         0         0         0       ......... ......... ......... ......... ......... ......... 
   0.6       0        -0.13     -0.06      0         0         0         0         0         0         0         0         0         0         0         0         0         0         0         0         0         0         0         0         0         0       ......... ......... ......... ......... ......... ......... 
   0         0.6      -0.13      0        -7.4e-06   0         0         0         0         0         0         0         0         0         0         0         0         0         0         0         0         0         0         0         0         0       ......... ......... ......... ......... ......... ......... 
   0        -0.6       0.13      0         7.4e-06   0         0         0         0         0         0         0         0         0         0         0         0         0         0         0         0         0         0         0         0         0       ......... ......... ......... ......... ......... ......... 
  -0.6       0        -0.17      0         0.06      0         0         0         0         0         0         0         0         0         0         0         0         0         0         0         0         0         0         0         0         0       ......... ......... ......... ......... ......... ......... 
   0.6       0         0.17      0        -0.06      0         0         0         0         0         0         0         0         0         0         0         0         0         0         0         0         0         0         0         0         0       ......... ......... ......... ......... ......... ......... 
   0         0.6      -0.13      0        -7.4e-06   0         0         0         0         0         0         0         0         0         0         0         0         0         0         0         0         0         0         0         0         0       ......... ......... ......... ......... ......... ......... 
   0        -0.6       0.13      0         7.4e-06   0         0         0         0         0         0         0         0         0         0         0         0         0         0         0         0         0         0         0         0         0       ......... ......... ......... ......... ......... ......... 
  -0.6       0        -0.13      0         0.06      0         0         0         0         0         0         0         0         0         0         0         0         0         0         0         0         0         0         0         0         0       ......... ......... ......... ......... ......... ......... 
   0.6       0         0.13      0        -0.06      0         0         0         0         0         0         0         0         0         0         0         0         0         0         0         0         0         0         0         0         0       ......... ......... ......... ......... ......... ......... 
   0         0.6       0.16      0         0         4.2e-09   0         0         0         0         0         0         0         0         0         0         0         0         0         0         0         0         0         0         0         0       ......... ......... ......... ......... ......... ......... 
   0        -0.6      -0.16      0         0         1.1e-05   0         0         0         0         0         0         0         0         0         0         0         0         0         0         0         0         0         0         0         0       ......... ......... ......... ......... ......... ......... 
  -0.6       0         0.15      0         0         0.045     0         0         0         0         0         0         0         0         0         0         0         0         0         0         0         0         0         0         0         0       ......... ......... ......... ......... ......... ......... 
   0.6       0        -0.15      0         0        -0.045     0         0         0         0         0         0         0         0         0         0         0         0         0         0         0         0         0         0         0         0       ......... ......... ......... ......... ......... ......... 
   0         0.6       0.16      0         0         4.2e-09   0         0         0         0         0         0         0         0         0         0         0         0         0         0         0         0         0         0         0         0       ......... ......... ......... ......... ......... ......... 
   0        -0.6      -0.16      0         0         1.1e-05   0         0         0         0         0         0         0         0         0         0         0         0         0         0         0         0         0         0         0         0       ......... ......... ......... ......... ......... ......... 
  -0.6       0         0.12      0         0         0.045     0         0         0         0         0         0         0         0         0         0         0         0         0         0         0         0         0         0         0         0       ......... ......... ......... ......... ......... ......... 
   0.6       0        -0.12      0         0        -0.045     0         0         0         0         0         0         0         0         0         0         0         0         0         0         0         0         0         0         0         0       ......... ......... ......... ......... ......... ......... 
   0         0.6       0.16      0         0         0         2.1e-05   0         0         0         0         0         0         0         0         0         0         0         0         0         0         0         0         0         0         0       ......... ......... ......... ......... ......... ......... 
   0        -0.6      -0.16      0         0         0         3.2e-05   0         0         0         0         0         0         0         0         0         0         0         0         0         0         0         0         0         0         0       ......... ......... ......... ......... ......... ......... 
  -0.6       0        -0.15      0         0         0         0.045     0         0         0         0         0         0         0         0         0         0         0         0         0         0         0         0         0         0         0       ......... ......... ......... ......... ......... ......... 
   0.6       0         0.15      0         0         0        -0.045     0         0         0         0         0         0         0         0         0         0         0         0         0         0         0         0         0         0         0       ......... ......... ......... ......... ......... ......... 
   0         0.6       0.16      0         0         0         2.1e-05   0         0         0         0         0         0         0         0         0         0         0         0         0         0         0         0         0         0         0       ......... ......... ......... ......... ......... ......... 
   0        -0.6      -0.16      0         0         0         3.2e-05   0         0         0         0         0         0         0         0         0         0         0         0         0         0         0         0         0         0         0       ......... ......... ......... ......... ......... ......... 
  -0.6       0        -0.12      0         0         0         0.045     0         0         0         0         0         0         0         0         0         0         0         0         0         0         0         0         0         0         0       ......... ......... ......... ......... ......... ......... 
   0.6       0         0.12      0         0         0        -0.045     0         0         0         0         0         0         0         0         0         0         0         0         0         0         0         0         0         0         0       ......... ......... ......... ......... ......... ......... 
 ......... ......... ......... ......... ......... ......... ......... ......... ......... ......... ......... ......... ......... ......... ......... ......... ......... ......... ......... ......... ......... ......... ......... ......... ......... .........   3.7e-06  -1         1         0.28     -0.21      0.2     
 ......... ......... ......... ......... ......... ......... ......... ......... ......... ......... ......... ......... ......... ......... ......... ......... ......... ......... ......... ......... ......... ......... ......... ......... ......... .........   3.7e-06   1         1         0.4       0.21      0.2     
 ......... ......... ......... ......... ......... ......... ......... ......... ......... ......... ......... ......... ......... ......... ......... ......... ......... ......... ......... ......... ......... ......... ......... ......... ......... .........  -1        -3.7e-06   1         0.33      0.33      0.14    
 ......... ......... ......... ......... ......... ......... ......... ......... ......... ......... ......... ......... ......... ......... ......... ......... ......... ......... ......... ......... ......... ......... ......... ......... ......... .........   1        -3.7e-06   1         0.34     -0.33      0.26    
 ......... ......... ......... ......... ......... ......... ......... ......... ......... ......... ......... ......... ......... ......... ......... ......... ......... ......... ......... ......... ......... ......... ......... ......... ......... .........   3.7e-06  -1         1        -0.39     -0.19      0.2     
 ......... ......... ......... ......... ......... ......... ......... ......... ......... ......... ......... ......... ......... ......... ......... ......... ......... ......... ......... ......... ......... ......... ......... ......... ......... .........   3.7e-06   1         1        -0.27      0.19      0.2     
 ......... ......... ......... ......... ......... ......... ......... ......... ......... ......... ......... ......... ......... ......... ......... ......... ......... ......... ......... ......... ......... ......... ......... ......... ......... .........  -1        -3.7e-06   1        -0.34     -0.34      0.14    
 ......... ......... ......... ......... ......... ......... ......... ......... ......... ......... ......... ......... ......... ......... ......... ......... ......... ......... ......... ......... ......... ......... ......... ......... ......... .........   1        -3.7e-06   1        -0.33      0.34      0.26    
 ......... ......... ......... ......... ......... ......... ......... ......... ......... ......... ......... ......... ......... ......... ......... ......... ......... ......... ......... ......... ......... ......... ......... ......... ......... .........   3.7e-06  -1         1         0.27     -0.21      0.2     
 ......... ......... ......... ......... ......... ......... ......... ......... ......... ......... ......... ......... ......... ......... ......... ......... ......... ......... ......... ......... ......... ......... ......... ......... ......... .........   3.7e-06   1         1         0.39      0.21      0.2     
 ......... ......... ......... ......... ......... ......... ......... ......... ......... ......... ......... ......... ......... ......... ......... ......... ......... ......... ......... ......... ......... ......... ......... ......... ......... .........  -1        -3.7e-06   1         0.33      0.33      0.14    
 ......... ......... ......... ......... ......... ......... ......... ......... ......... ......... ......... ......... ......... ......... ......... ......... ......... ......... ......... ......... ......... ......... ......... ......... ......... .........   1        -3.7e-06   1         0.33     -0.33      0.26    
 ......... ......... ......... ......... ......... ......... ......... ......... ......... ......... ......... ......... ......... ......... ......... ......... ......... ......... ......... ......... ......... ......... ......... ......... ......... .........   3.7e-06  -1         1        -0.39      0.21     -0.2     
 ......... ......... ......... ......... ......... ......... ......... ......... ......... ......... ......... ......... ......... ......... ......... ......... ......... ......... ......... ......... ......... ......... ......... ......... ......... .........   3.7e-06   1         1        -0.27     -0.21     -0.2     
 ......... ......... ......... ......... ......... ......... ......... ......... ......... ......... ......... ......... ......... ......... ......... ......... ......... ......... ......... ......... ......... ......... ......... ......... ......... .........  -1        -3.7e-06   1        -0.34     -0.33     -0.26    
 ......... ......... ......... ......... ......... ......... ......... ......... ......... ......... ......... ......... ......... ......... ......... ......... ......... ......... ......... ......... ......... ......... ......... ......... ......... .........   1        -3.7e-06   1        -0.33      0.33     -0.14    

EFC_POS
   0       
   0       
   0       
   0       
   0       
   0       
   0       
   0       
   0       
   0       
   0       
   0       
   0       
   0       
   0       
   0       
   0       
   0       
   0       
   0       
   0       
   0       
   0       
  -6.2e-06 
  -4e-06   
  -4e-06   
  -3.1e-05 
  -3.1e-05 
  -3.1e-05 
  -3.1e-05 
  -3.1e-05 
  -3.1e-05 
  -3.1e-05 
  -3.1e-05 
  -3.1e-05 
  -3.1e-05 
  -3.1e-05 
  -3.1e-05 
  -3.1e-05 
  -3.1e-05 
  -3.1e-05 
  -3.1e-05 
  -0.00023 
  -0.00023 
  -0.00023 
  -0.00023 
  -0.00023 
  -0.00023 
  -0.00023 
  -0.00023 
  -0.00022 
  -0.00022 
  -0.00022 
  -0.00022 
  -0.00022 
  -0.00022 
  -0.00022 
  -0.00022 
  -0.00028 
  -0.00028 
  -0.00028 
  -0.00028 
  -0.00028 
  -0.00028 
  -0.00028 
  -0.00028 
  -0.00028 
  -0.00028 
  -0.00028 
  -0.00028 
  -0.00028 
  -0.00028 
  -0.00028 
  -0.00028 

EFC_MARGIN
   0       
   0       
   0       
   0       
   0       
   0       
   0       
   0       
   0       
   0       
   0       
   0       
   0       
   0       
   0       
   0       
   0       
   0       
   0       
   0       
   0       
   0       
   0       
   0       
   0       
   0       
   0       
   0       
   0       
   0       
   0       
   0       
   0       
   0       
   0       
   0       
   0       
   0       
   0       
   0       
   0       
   0       
   0       
   0       
   0       
   0       
   0       
   0       
   0       
   0       
   0       
   0       
   0       
   0       
   0       
   0       
   0       
   0       
   0       
   0       
   0       
   0       
   0       
   0       
   0       
   0       
   0       
   0       
   0       
   0       
   0       
   0       
   0       
   0       

EFC_FRICTIONLOSS
   0.096   
   0.096   
   0.001   
   0.001   
   11      
   11      
   11      
   4       
   4       
   10      
   10      
   2.8     
   4       
   1.3     
   1.3     
   1.3     
   10      
   10      
   2.8     
   4       
   1.3     
   1.3     
   1.3     
   0       
   0       
   0       
   0       
   0       
   0       
   0       
   0       
   0       
   0       
   0       
   0       
   0       
   0       
   0       
   0       
   0       
   0       
   0       
   0       
   0       
   0       
   0       
   0       
   0       
   0       
   0       
   0       
   0       
   0       
   0       
   0       
   0       
   0       
   0       
   0       
   0       
   0       
   0       
   0       
   0       
   0       
   0       
   0       
   0       
   0       
   0       
   0       
   0       
   0       
   0       

EFC_DIAGA
   70      
   70      
   4.1e+02 
   4.1e+02 
   0.075   
   0.16    
   0.19    
   0.27    
   0.87    
   0.57    
   0.58    
   2.3     
   1.7     
   12      
   11      
   12      
   0.57    
   0.58    
   2.3     
   1.7     
   12      
   11      
   12      
   0.075   
   0.58    
   0.58    
   0.0097  
   0.0097  
   0.0097  
   0.0097  
   0.0097  
   0.0097  
   0.0097  
   0.0097  
   0.0098  
   0.0098  
   0.0098  
   0.0098  
   0.0098  
   0.0098  
   0.0098  
   0.0098  
   0.011   
   0.011   
   0.011   
   0.011   
   0.011   
   0.011   
   0.011   
   0.011   
   0.011   
   0.011   
   0.011   
   0.011   
   0.011   
   0.011   
   0.011   
   0.011   
   1.4     
   1.4     
   1.4     
   1.4     
   1.4     
   1.4     
   1.4     
   1.4     
   1.4     
   1.4     
   1.4     
   1.4     
   1.4     
   1.4     
   1.4     
   1.4     

EFC_KBIP
   0         1.1e+02   0.9       0       
   0         1.1e+02   0.9       0       
   0         1.1e+02   0.9       0       
   0         1.1e+02   0.9       0       
   0         1.1e+02   0.9       0       
   0         1.1e+02   0.9       0       
   0         1.1e+02   0.9       0       
   0         1.1e+02   0.9       0       
   0         1.1e+02   0.9       0       
   0         1.1e+02   0.9       0       
   0         1.1e+02   0.9       0       
   0         1.1e+02   0.9       0       
   0         1.1e+02   0.9       0       
   0         1.1e+02   0.9       0       
   0         1.1e+02   0.9       0       
   0         1.1e+02   0.9       0       
   0         1.1e+02   0.9       0       
   0         1.1e+02   0.9       0       
   0         1.1e+02   0.9       0       
   0         1.1e+02   0.9       0       
   0         1.1e+02   0.9       0       
   0         1.1e+02   0.9       0       
   0         1.1e+02   0.9       0       
   2.8e+03   1.1e+02   0.9      -1.2     
   2.8e+03   1.1e+02   0.9      -0.79    
   2.8e+03   1.1e+02   0.9      -0.8     
   2.8e+03   1.1e+02   0.9      -6.1     
   2.8e+03   1.1e+02   0.9      -6.1     
   2.8e+03   1.1e+02   0.9      -6.1     
   2.8e+03   1.1e+02   0.9      -6.1     
   2.8e+03   1.1e+02   0.9      -6.1     
   2.8e+03   1.1e+02   0.9      -6.1     
   2.8e+03   1.1e+02   0.9      -6.1     
   2.8e+03   1.1e+02   0.9      -6.1     
   2.8e+03   1.1e+02   0.9      -6.1     
   2.8e+03   1.1e+02   0.9      -6.1     
   2.8e+03   1.1e+02   0.9      -6.1     
   2.8e+03   1.1e+02   0.9      -6.1     
   2.8e+03   1.1e+02   0.9      -6.1     
   2.8e+03   1.1e+02   0.9      -6.1     
   2.8e+03   1.1e+02   0.9      -6.1     
   2.8e+03   1.1e+02   0.9      -6.1     
   2.8e+03   1.1e+02   0.91     -47      
   2.8e+03   1.1e+02   0.91     -47      
   2.8e+03   1.1e+02   0.91     -47      
   2.8e+03   1.1e+02   0.91     -47      
   2.8e+03   1.1e+02   0.91     -47      
   2.8e+03   1.1e+02   0.91     -47      
   2.8e+03   1.1e+02   0.91     -47      
   2.8e+03   1.1e+02   0.91     -47      
   2.8e+03   1.1e+02   0.9      -44      
   2.8e+03   1.1e+02   0.9      -44      
   2.8e+03   1.1e+02   0.9      -44      
   2.8e+03   1.1e+02   0.9      -44      
   2.8e+03   1.1e+02   0.9      -44      
   2.8e+03   1.1e+02   0.9      -44      
   2.8e+03   1.1e+02   0.9      -44      
   2.8e+03   1.1e+02   0.9      -44      
   2.8e+03   1.1e+02   0.91     -56      
   2.8e+03   1.1e+02   0.91     -56      
   2.8e+03   1.1e+02   0.91     -56      
   2.8e+03   1.1e+02   0.91     -56      
   2.8e+03   1.1e+02   0.91     -56      
   2.8e+03   1.1e+02   0.91     -56      
   2.8e+03   1.1e+02   0.91     -56      
   2.8e+03   1.1e+02   0.91     -56      
   2.8e+03   1.1e+02   0.91     -56      
   2.8e+03   1.1e+02   0.91     -56      
   2.8e+03   1.1e+02   0.91     -56      
   2.8e+03   1.1e+02   0.91     -56      
   2.8e+03   1.1e+02   0.91     -56      
   2.8e+03   1.1e+02   0.91     -56      
   2.8e+03   1.1e+02   0.91     -56      
   2.8e+03   1.1e+02   0.91     -56      

EFC_D
   0.13    
   0.13    
   0.022   
   0.022   
   1.2e+02 
   56      
   48      
   33      
   10      
   16      
   15      
   3.9     
   5.3     
   0.77    
   0.8     
   0.76    
   16      
   15      
   3.9     
   5.3     
   0.77    
   0.8     
   0.76    
   1.2e+02 
   15      
   15      
   9.3e+02 
   9.3e+02 
   9.3e+02 
   9.3e+02 
   9.3e+02 
   9.3e+02 
   9.3e+02 
   9.3e+02 
   9.2e+02 
   9.2e+02 
   9.2e+02 
   9.2e+02 
   9.2e+02 
   9.2e+02 
   9.2e+02 
   9.2e+02 
   8.8e+02 
   8.8e+02 
   8.8e+02 
   8.8e+02 
   8.8e+02 
   8.8e+02 
   8.8e+02 
   8.8e+02 
   8.7e+02 
   8.7e+02 
   8.7e+02 
   8.7e+02 
   8.7e+02 
   8.7e+02 
   8.7e+02 
   8.7e+02 
   7       
   7       
   7       
   7       
   7       
   7       
   7       
   7       
   7       
   7       
   7       
   7       
   7       
   7       
   7       
   7       

EFC_R
   7.8     
   7.8     
   45      
   45      
   0.0083  
   0.018   
   0.021   
   0.03    
   0.096   
   0.063   
   0.065   
   0.25    
   0.19    
   1.3     
   1.3     
   1.3     
   0.063   
   0.065   
   0.25    
   0.19    
   1.3     
   1.3     
   1.3     
   0.0083  
   0.065   
   0.065   
   0.0011  
   0.0011  
   0.0011  
   0.0011  
   0.0011  
   0.0011  
   0.0011  
   0.0011  
   0.0011  
   0.0011  
   0.0011  
   0.0011  
   0.0011  
   0.0011  
   0.0011  
   0.0011  
   0.0011  
   0.0011  
   0.0011  
   0.0011  
   0.0011  
   0.0011  
   0.0011  
   0.0011  
   0.0011  
   0.0011  
   0.0011  
   0.0011  
   0.0011  
   0.0011  
   0.0011  
   0.0011  
   0.14    
   0.14    
   0.14    
   0.14    
   0.14    
   0.14    
   0.14    
   0.14    
   0.14    
   0.14    
   0.14    
   0.14    
   0.14    
   0.14    
   0.14    
   0.14    

ACTUATOR_VELOCITY
  -2.8e-08 
  -5.6e-08 
  -9.5e-11 
   8e-09   
  -3.2e-09 
  -7.4e-10 
   4e-10   
  -3.4e-10 
   6.9e-12 
   5.4e-11 
   4.5e-12 
  -1.6e-12 
   2.2e-12 
   6.6e-13 
   5.6e-10 
   6.8e-12 
   6.6e-11 
  -7.5e-12 
  -1.6e-12 
  -3.6e-12 
   6.7e-13 

CVEL
   0         0         0         0         0         0       
   0         0         0         0         0         0       
   0         0         0         0         0         0       
   3.4e-12  -2.8e-08   0        -7.7e-09  -9.4e-13   7e-09   
   6.9e-12  -5.6e-08   0        -1.6e-08  -1.9e-12   1.4e-08 
  -1.1e-08   9e-05     0         2.7e-05   3.3e-09   2.2e-05 
  -2.8e-08   0.00023   0         6.8e-05   8.3e-09   5.4e-05 
  -1.2e-14   9.5e-11  -6.5e-31   2.4e-11   2.9e-15   1.5e-11 
  -9.9e-13   8.1e-09  -5.5e-29  -1.5e-09  -1.8e-13   1.2e-09 
  -1.4e-12   1.1e-08  -1.1e-28  -3.3e-09  -4e-13     1.7e-09 
  -7.4e-10   1.1e-08   6.8e-12  -3.3e-09  -4.2e-10   1.7e-09 
  -7.4e-10   1.1e-08   4.1e-10  -3.3e-09  -4.8e-10   1.7e-09 
  -7.4e-10   1.1e-08   4.1e-10  -3.3e-09  -4.8e-10   1.7e-09 
  -7.4e-10   1.1e-08   4.1e-10  -3e-09    -4.8e-10   1.7e-09 
  -7.3e-10   1.1e-08   4.1e-10  -3e-09    -4.8e-10   1.7e-09 
  -7.3e-10   1.1e-08   4.6e-10  -3e-09    -4.8e-10   1.7e-09 
  -7.3e-10   1.1e-08   4.6e-10  -3e-09    -4.8e-10   1.7e-09 
  -7.3e-10   1.1e-08   4.6e-10  -3e-09    -4.9e-10   1.7e-09 
  -7.3e-10   1.1e-08   4.6e-10  -3e-09    -4.9e-10   1.7e-09 
  -7.3e-10   1.1e-08   4.6e-10  -3e-09    -4.9e-10   1.7e-09 
  -7.3e-10   1.1e-08   4.6e-10  -3e-09    -4.9e-10   1.7e-09 
  -7.4e-10   1.1e-08   4.1e-10  -2.7e-09  -4.8e-10   1.7e-09 
  -7.3e-10   1.1e-08   4.1e-10  -2.7e-09  -4.8e-10   1.7e-09 
  -7.3e-10   1.1e-08   4.8e-10  -2.8e-09  -4.9e-10   1.7e-09 
  -7.3e-10   1.1e-08   4.8e-10  -2.8e-09  -4.9e-10   1.7e-09 
  -7.3e-10   1.1e-08   4.8e-10  -2.8e-09  -4.9e-10   1.7e-09 
  -7.3e-10   1.1e-08   4.8e-10  -2.8e-09  -4.9e-10   1.7e-09 
  -7.3e-10   1.1e-08   4.8e-10  -2.8e-09  -4.9e-10   1.7e-09 
  -7.3e-10   1.1e-08   4.8e-10  -2.8e-09  -4.9e-10   1.7e-09 
  -0.0038   -0.011    -1.6e-07  -0.00063   0.00021   0.0029  
   0         0         0         0         0         0       

CDOF_DOT
   0         0         0         0         0         0       
   0         0         0         0         0         0       
   0         0         0         0         0         0       
   0        -0         0         0         0         0       
   0        -0         0         0         0         0       
   0        -0         0         0         0         0       
   0        -0         0         0         0         0       
   0         0        -0         0         0         0       
   0         0         0        -1e-12    -1.3e-16   4.1e-11 
   9.4e-29   1.2e-32  -2e-28    -1.1e-10  -1.3e-14  -3.1e-09 
  -1e-10    -1.3e-14  -1.1e-08   1.1e-11   1.7e-09  -1e-13   
   1.1e-08   7.4e-10  -1e-10    -4.2e-10   3.3e-09   1.3e-10 
  -4.1e-10  -8.4e-14  -7.4e-10   1.5e-10  -2.8e-10   7.8e-09 
  -1.2e-10   4e-10    -1.1e-08  -2.7e-09   1.5e-09  -2.1e-10 
   1.1e-08   7.4e-10  -1.2e-10  -4.4e-10   3.1e-09  -2.2e-09 
   4.6e-10   9.3e-14   7.3e-10  -1.2e-10   1.9e-10  -4.4e-09 
  -1.4e-10   4.5e-10  -1.1e-08  -2.6e-09   1.5e-09   3e-11   
  -4.6e-10  -1.1e-13  -7.3e-10   2e-09    -5.6e-11   4.3e-09 
   1.1e-08   7.4e-10  -1.4e-10  -3.3e-10   3.1e-09  -2e-09   
   4.1e-10   8.4e-14   7.4e-10  -1.5e-10   2.8e-10  -7.8e-09 
  -1.2e-10   4e-10    -1.1e-08   1.9e-09   1.8e-09  -2.6e-10 
   1.1e-08   7.4e-10  -1.2e-10  -3.9e-10   2.7e-09   2.4e-09 
  -4.8e-10  -8.9e-14  -7.3e-10   1.1e-10  -2e-10     4.4e-09 
  -1.3e-10   4.7e-10  -1.1e-08   1.9e-09   1.8e-09  -2.4e-11 
   4.8e-10   7.6e-14   7.3e-10  -2e-09     6.4e-11  -4.3e-09 
   1.1e-08   7.4e-10  -1.4e-10  -2.7e-10   2.7e-09   2.5e-09 
   0         0         0         0         0         0       
   0         0         0         0         0         0       
   0         0         0         0         0         0       
   0         0        -0         8.6e-05   0.0029   -0.00021 
   0        -0         0         0.00023   0.00067   2.4e-07 
   0        -0         0         0.0029   -8.5e-05   0.00068 

QFRC_BIAS
  -2.6e-15 
   1e-18   
  -5.4e-16 
   5.9e-05 
  -5.9e-05 
  -1.7e-07 
  -4.4e-07 
   1.9     
  -12      
   6.2     
   0.093   
   0.00054 
  -3       
   0.16    
   0.0016  
   3.4     
   0.038   
  -0.47    
  -4.6e-06 
   3       
  -0.16    
  -0.0019  
  -3.4     
  -0.038   
   0.47    
  -3.2e-06 
  -1.9e-09 
   6.1e-10 
   28      
   5.5e-06 
  -3.1e-06 
   0.00014 

QFRC_SPRING
   0       
   0       
   0       
   0       
   0       
   0       
   0       
   0       
   0       
   0       
   0       
   0       
   0       
   0       
   0       
   0       
   0       
   0       
   0       
   0       
   0       
   0       
   0       
   0       
   0       
   0       
   0       
   0       
   0       
   0       
   0       
   0       

QFRC_DAMPER
   0       
   0       
   0       
   2.8e-10 
   5.6e-10 
  -9e-08   
  -2.3e-07 
   1.8e-09 
  -1.5e-07 
   6.2e-08 
   1.7e-09 
  -9.4e-10 
   4.4e-09 
  -9e-11   
  -1.2e-10 
  -1e-11   
   1.6e-12 
  -2.2e-12 
  -6.6e-13 
  -7.4e-09 
  -8.9e-11 
  -1.4e-10 
   1.7e-11 
   1.6e-12 
   3.6e-12 
  -6.7e-13 
   0       
   0       
   0       
   0       
   0       
   0       

QFRC_GRAVCOMP
   0       
   0       
   0       
   0       
   0       
   0       
   0       
   0       
   0       
   0       
   0       
   0       
   0       
   0       
   0       
   0       
   0       
   0       
   0       
   0       
   0       
   0       
   0       
   0       
   0       
   0       
   0       
   0       
   0       
   0       
   0       
   0       

QFRC_FLUID
   0       
   0       
   0       
   0       
   0       
   0       
   0       
   0       
   0       
   0       
   0       
   0       
   0       
   0       
   0       
   0       
   0       
   0       
   0       
   0       
   0       
   0       
   0       
   0       
   0       
   0       
   0       
   0       
   0       
   0       
   0       
   0       

QFRC_PASSIVE
   0       
   0       
   0       
   2.8e-10 
   5.6e-10 
  -9e-08   
  -2.3e-07 
   1.8e-09 
  -1.5e-07 
   6.2e-08 
   1.7e-09 
  -9.4e-10 
   4.4e-09 
  -9e-11   
  -1.2e-10 
  -1e-11   
   1.6e-12 
  -2.2e-12 
  -6.6e-13 
  -7.4e-09 
  -8.9e-11 
  -1.4e-10 
   1.7e-11 
   1.6e-12 
   3.6e-12 
  -6.7e-13 
   0       
   0       
   0       
   0       
   0       
   0       

EFC_VEL
  -2.8e-08 
  -5.6e-08 
   9e-05   
   0.00023 
  -9.5e-11 
   8e-09   
  -3.2e-09 
  -7.4e-10 
   4e-10   
  -3.4e-10 
   6.9e-12 
   5.4e-11 
   4.5e-12 
  -1.6e-12 
   2.2e-12 
   6.6e-13 
   5.6e-10 
   6.8e-12 
   6.6e-11 
  -7.5e-12 
  -1.6e-12 
  -3.6e-12 
   6.7e-13 
  -9.5e-11 
   6.9e-12 
  -6.8e-12 
   2e-13   
  -2e-13   
  -1.7e-09 
   1.7e-09 
   2e-13   
  -2e-13   
  -1.7e-09 
   1.7e-09 
   4.1e-13 
  -4.1e-13 
  -3.4e-09 
   3.4e-09 
   4.1e-13 
  -4.1e-13 
  -3.4e-09 
   3.4e-09 
   3.8e-13 
   1e-09   
   4.1e-06 
  -4.1e-06 
   3.8e-13 
   1e-09   
   4.1e-06 
  -4.1e-06 
   4.8e-09 
   7.3e-09 
   1e-05   
  -1e-05   
   4.8e-09 
   7.3e-09 
   1e-05   
  -1e-05   
   0.004   
   0.004   
   0.004   
   0.004   
   0.0063  
   0.0063  
   0.0063  
   0.0063  
   0.004   
   0.004   
   0.004   
   0.004   
   0.0018  
   0.0018  
   0.0017  
   0.0018  

EFC_AREF
   2.9e-06 
   5.9e-06 
  -0.0095  
  -0.024   
   1e-08   
  -8.4e-07 
   3.4e-07 
   7.8e-08 
  -4.2e-08 
   3.6e-08 
  -7.2e-10 
  -5.7e-09 
  -4.7e-10 
   1.7e-10 
  -2.3e-10 
  -7e-11   
  -5.9e-08 
  -7.2e-10 
  -6.9e-09 
   7.9e-10 
   1.7e-10 
   3.8e-10 
  -7e-11   
   0.015   
   0.0099  
   0.01    
   0.077   
   0.077   
   0.077   
   0.077   
   0.077   
   0.077   
   0.077   
   0.077   
   0.077   
   0.077   
   0.077   
   0.077   
   0.077   
   0.077   
   0.077   
   0.077   
   0.59    
   0.59    
   0.59    
   0.59    
   0.59    
   0.59    
   0.59    
   0.59    
   0.55    
   0.55    
   0.55    
   0.56    
   0.55    
   0.55    
   0.55    
   0.56    
   0.28    
   0.28    
   0.28    
   0.28    
   0.031   
   0.031   
   0.031   
   0.03    
   0.27    
   0.28    
   0.28    
   0.27    
   0.51    
   0.51    
   0.51    
   0.51    

SUBTREE_LINVEL
   0         0         0       
   0         0         0       
   0         0         0       
   0         0         0       
   0         0         0       
   0         0         0       
   0         0         0       
   0         0         0       
   0         0         0       
   0         0         0       
   0         0         0       
   0         0         0       
   0         0         0       
   0         0         0       
   0         0         0       
   0         0         0       
   0         0         0       
   0         0         0       
   0         0         0       
   0         0         0       
   0         0         0       
   0         0         0       
   0         0         0       
   0         0         0       
   0         0         0       
   0         0         0       
   0         0         0       
   0         0         0       
   0         0         0       
   0         0         0       
   0         0         0       

SUBTREE_ANGMOM
   0         0         0       
   0         0         0       
   0         0         0       
   0         0         0       
   0         0         0       
   0         0         0       
   0         0         0       
   0         0         0       
   0         0         0       
   0         0         0       
   0         0         0       
   0         0         0       
   0         0         0       
   0         0         0       
   0         0         0       
   0         0         0       
   0         0         0       
   0         0         0       
   0         0         0       
   0         0         0       
   0         0         0       
   0         0         0       
   0         0         0       
   0         0         0       
   0         0         0       
   0         0         0       
   0         0         0       
   0         0         0       
   0         0         0       
   0         0         0       
   0         0         0       

ACTUATOR_FORCE
  -0.062   
  -0.095   
   0.012   
  -12      
   6.2     
   0.092   
   0.001   
  -3       
   0.0079  
   0.0016  
   3.4     
   0.038   
  -0.47    
  -3.9e-06 
   3       
  -0.008   
  -0.0018  
  -3.4     
  -0.038   
   0.47    
  -2.5e-06 

QFRC_ACTUATOR
   0       
   0       
   0       
  -0.062   
  -0.095   
   0       
   0       
   0.012   
  -12      
   6.2     
   0.092   
   0.001   
  -3       
   0.0079  
   0.0016  
   3.4     
   0.038   
  -0.47    
  -3.9e-06 
   3       
  -0.008   
  -0.0018  
  -3.4     
  -0.038   
   0.47    
  -2.5e-06 
   0       
   0       
   0       
   0       
   0       
   0       

QFRC_SMOOTH
   2.6e-15 
  -1e-18   
   5.4e-16 
  -0.063   
  -0.095   
   7.9e-08 
   2.1e-07 
  -1.9     
   0.013   
  -0.0051  
  -0.00081 
   0.00046 
  -0.00059 
  -0.15    
   5.7e-05 
   7.9e-06 
  -1.8e-06 
   3.8e-06 
   7.5e-07 
   0.00085 
   0.15    
   7.7e-05 
  -1.1e-05 
  -1.8e-06 
  -5.4e-06 
   7.5e-07 
   1.9e-09 
  -6.1e-10 
  -28      
  -5.5e-06 
   3.1e-06 
  -0.00014 

QACC_SMOOTH
  -0.016   
  -2.1e-05 
   0.00026 
  -4.4     
  -6.7     
   4.3e-05 
   9.8e-05 
  -0.14    
  -0.14    
   0.048   
  -0.0001  
   0.00035 
   0.027   
  -0.088   
   0.022   
  -0.0041  
  -0.00089 
   0.00061 
   0.00064 
  -0.027   
   0.089   
  -0.022   
   0.0042  
   0.0009  
  -0.00062 
  -0.00066 
   6.1e-10 
  -3.6e-10 
  -9.8     
   4.2e-08 
   1.8e-05 
   1.2e-08 

EFC_B
  -4.4     
  -6.7     
   0.0095  
   0.024   
  -0.14    
  -0.14    
   0.048   
  -0.0001  
   0.00035 
   0.027   
  -0.088   
   0.022   
  -0.0041  
  -0.00089 
   0.00061 
   0.00064 
  -0.027   
   0.089   
  -0.022   
   0.0042  
   0.0009  
  -0.00062 
  -0.00066 
  -0.15    
  -0.098   
  -0.099   
  -0.077   
  -0.077   
  -0.33    
   0.18    
  -0.077   
  -0.077   
  -0.33    
   0.18    
  -0.077   
  -0.077   
  -0.47    
   0.31    
  -0.077   
  -0.077   
  -0.47    
   0.31    
  -0.59    
  -0.59    
  -0.58    
  -0.6     
  -0.59    
  -0.59    
  -0.58    
  -0.6     
  -0.55    
  -0.55    
  -0.54    
  -0.56    
  -0.55    
  -0.55    
  -0.54    
  -0.56    
  -10      
  -10      
  -10      
  -10      
  -9.8     
  -9.8     
  -9.8     
  -9.8     
  -10      
  -10      
  -10      
  -10      
  -10      
  -10      
  -10      
  -10      

EFC_FORCE
   3.8e-07 
   7.6e-07 
  -0.00021 
  -0.00053 
   1.2e-06 
  -4.7e-05 
   1.6e-05 
   2.6e-06 
  -4.4e-07 
   5.6e-07 
  -1.1e-08 
  -2.2e-08 
  -2.5e-09 
   1.3e-10 
  -1.8e-10 
  -5.3e-11 
  -9.4e-07 
  -1.1e-08 
  -2.7e-08 
   4.1e-09 
   1.3e-10 
   3e-10   
  -5.3e-11 
   1.9     
   0.15    
   0.15    
   71      
   71      
   71      
   71      
   71      
   71      
   71      
   71      
   71      
   71      
   71      
   70      
   71      
   71      
   71      
   70      
   5.2e+02 
   5.2e+02 
   5.2e+02 
   5.2e+02 
   5.2e+02 
   5.2e+02 
   5.2e+02 
   5.2e+02 
   4.8e+02 
   4.8e+02 
   4.8e+02 
   4.8e+02 
   4.8e+02 
   4.8e+02 
   4.8e+02 
   4.8e+02 
   1.8     
   1.8     
   1.8     
   1.8     
   0.02    
   0.021   
   0.021   
   0.02    
   1.7     
   1.7     
   1.7     
   1.7     
   3.5     
   3.5     
   3.5     
   3.5     

EFC_STATE
  2
  2
  1
  1
  2
  1
  1
  1
  1
  1
  1
  1
  1
  1
  1
  1
  1
  1
  1
  1
  1
  1
  1
  1
  1
  1
  1
  1
  1
  0
  1
  1
  1
  0
  1
  1
  1
  0
  1
  1
  1
  0
  1
  1
  1
  1
  1
  1
  1
  1
  1
  1
  1
  1
  1
  1
  1
  1
  1
  1
  1
  1
  1
  1
  1
  1
  1
  1
  1
  1
  1
  1
  1
  1

QFRC_CONSTRAINT
   0.089   
   0.00093 
   0.0046  
   0.063   
   0.095   
  -7.8e-08 
  -2.1e-07 
   1.9     
  -4.7e-05 
   1.6e-05 
   2.6e-06 
  -4.4e-07 
   5.6e-07 
   0.15    
  -2.2e-08 
  -2.5e-09 
   1.3e-10 
  -1.8e-10 
  -5.3e-11 
  -9.4e-07 
  -0.15    
  -2.7e-08 
   4.1e-09 
   1.3e-10 
   3e-10   
  -5.3e-11 
  -0.0055  
   0.00019 
   28      
   5.1e-05 
  -1e-06   
   0.0015  

QFRC_INVERSE
   0       
   0       
   0       
   0       
   0       
   0       
   0       
   0       
   0       
   0       
   0       
   0       
   0       
   0       
   0       
   0       
   0       
   0       
   0       
   0       
   0       
   0       
   0       
   0       
   0       
   0       
   0       
   0       
   0       
   0       
   0       
   0       

CACC
   0         0         0        -0        -0         9.8     
   0         0         0         0         0         9.8     
   0         0         0.0005    0.00059   6.1e-06   9.8     
  -4.6e-15   3.8e-11   0.0005    0.00059   6.1e-06   9.8     
  -9.2e-15   7.5e-11   0.0005    0.00059   6.1e-06   9.8     
   6.2e-12  -5e-08     0.0005    0.00059   6.1e-06   9.8     
   3.5e-11  -2.9e-07   0.0005    0.00059   6.1e-06   9.8     
   1.1e-17  -9.2e-14   0.0005    0.00059   6.1e-06   9.8     
   1.3e-15  -1.1e-11   0.0005    0.00059   6.1e-06   9.8     
   1.9e-15  -1.5e-11   0.0005    0.00059   6.1e-06   9.8     
   9.7e-13  -1.5e-11   0.0005    0.00059   6.1e-06   9.8     
   9.6e-13  -1.5e-11   0.0005    0.00059   6.1e-06   9.8     
   9.6e-13  -1.5e-11   0.0005    0.00059   6.1e-06   9.8     
   9.6e-13  -1.5e-11   0.0005    0.00059   6.1e-06   9.8     
   9.6e-13  -1.5e-11   0.0005    0.00059   6.1e-06   9.8     
   9.5e-13  -1.5e-11   0.0005    0.00059   6.1e-06   9.8     
   9.5e-13  -1.5e-11   0.0005    0.00059   6.1e-06   9.8     
   9.6e-13  -1.5e-11   0.0005    0.00059   6.1e-06   9.8     
   9.6e-13  -1.5e-11   0.0005    0.00059   6.1e-06   9.8     
   9.6e-13  -1.5e-11   0.0005    0.00059   6.1e-06   9.8     
   9.6e-13  -1.5e-11   0.0005    0.00059   6.1e-06   9.8     
   9.6e-13  -1.4e-11   0.0005    0.00059   6.1e-06   9.8     
   9.6e-13  -1.4e-11   0.0005    0.00059   6.1e-06   9.8     
   9.5e-13  -1.4e-11   0.0005    0.00059   6.1e-06   9.8     
   9.5e-13  -1.4e-11   0.0005    0.00059   6.1e-06   9.8     
   9.6e-13  -1.4e-11   0.0005    0.00059   6.1e-06   9.8     
   9.6e-13  -1.4e-11   0.0005    0.00059   6.1e-06   9.8     
   9.6e-13  -1.4e-11   0.0005    0.00059   6.1e-06   9.8     
   9.6e-13  -1.4e-11   0.0005    0.00059   6.1e-06   9.8     
  -0.00048  -0.028     1.6e-05  -0.0019    5.6e-05   9.8     
   0         0         0         0         0         9.8     

CFRC_INT
  -54        1.6e+03  -2.9e-05  -0.0055    0.00019  -7.1e+03 
   0         0         0         0         0         0       
  -53        1.6e+03   1.5e-14  -6.1e-14  -1.3e-14  -7.7e+03 
  -1.3e+02  -1.4e+02  -0.11      0.63     -0.16     -5.6e+02 
   1.4e+02  -1.4e+02   0.28      0.95     -0.16     -5.5e+02 
  -9.5e+02   9.9e+02   0.11     -0.3       0.16     -4.1e+03 
   8.9e+02   9.3e+02  -0.28     -1.4       0.16     -3.9e+03 
   1        -89        0.0012    0.033     0.0049    5.4e+02 
  -0.13     -69        0.0011    0.023     0.0038    3.8e+02 
   0.25     -59        0.00099   0.019     0.0032    3.2e+02 
  -0.18     -54        0.00096   0.017     0.0029    2.9e+02 
  -0.15     -50        0.00092   0.016     0.0027    2.6e+02 
  -0.0043   -0.94      9.9e-06   0.00032   5.1e-05   5.3     
   14       -14       -0.00048   0.0033    0.00076   66      
   9.6      -11       -0.00031   0.0022    0.00058   46      
   7.3      -9        -0.00021   0.0017    0.00048   34      
   4.5      -6.9      -9.9e-05   0.0011    0.00037   22      
   2.8      -5        -4.1e-05   0.00067   0.00027   14      
   2.6      -4.7      -3.3e-05   0.00061   0.00025   12      
   0.31     -0.64     -1.2e-06   7.4e-05   3.3e-05   1.5     
   0.12     -0.25     -5.7e-07   2.9e-05   1.3e-05   0.59    
  -14       -14        0.0012    0.0047    0.00076   66      
  -9.7      -11        0.00085   0.0032    0.00058   46      
  -7.3      -9         0.00067   0.0024    0.00048   34      
  -4.6      -6.9       0.00045   0.0015    0.00037   22      
  -2.9      -5         0.0003    0.00096   0.00027   14      
  -2.6      -4.7       0.00028   0.00087   0.00025   12      
  -0.31     -0.64      3.6e-05   0.00011   3.3e-05   1.5     
  -0.12     -0.25      1.4e-05   4.2e-05   1.3e-05   0.59    
   4.7e-16   6.4e-16  -8.9e-17  -9.4e-17   5.9e-16   0       
  -0.13      0.36     -2.9e-05  -0.0055    0.00019   5.2e+02 

CFRC_EXT
   0         0         0         0         0         0       
   0         0         0         0         0         0       
   0         0         0         0         0         0       
   1.4e+02   1.4e+02   0.11     -0.63      0.16      5.7e+02 
  -1.4e+02   1.4e+02  -0.28     -0.95      0.16      5.7e+02 
   9.5e+02  -9.9e+02  -0.11      0.3      -0.16      4.1e+03 
  -9e+02    -9.3e+02   0.28      1.4      -0.16      3.9e+03 
   0         0         0         0         0         0       
   0         0         0         0         0         0       
   0         0         0         0         0         0       
   0         0         0         0         0         0       
   0         0         0         0         0         0       
   0         0         0         0         0         0       
   0         0         0         0         0         0       
   0         0         0         0         0         0       
   0         0         0         0         0         0       
   0         0         0         0         0         0       
   0         0         0         0         0         0       
   0         0         0         0         0         0       
   0         0         0         0         0         0       
   0         0         0         0         0         0       
   0         0         0         0         0         0       
   0         0         0         0         0         0       
   0         0         0         0         0         0       
   0         0         0         0         0         0       
   0         0         0         0         0         0       
   0         0         0         0         0         0       
   0         0         0         0         0         0       
   0         0         0         0         0         0       
   4.3e-06  -0.0014   -7.9e-07  -0.0055    0.00019   28      
   0.13     -0.36      2.9e-05   0.0055   -0.00019  -28      

TREE_ISLAND
  0 1

ISLAND_NTREE
  1 1

ISLAND_ITREEADR
  0 1

MAP_ITREE2TREE
  0 1

DOF_ISLAND            0 0 0 0 0 0 0 0 0 0 0 0 0 0 0 0 0 0 0 0 0 0 0 0 0 0 1 1 1 1 1 1

ISLAND_NV             26 6

ISLAND_IDOFADR        0 26

MAP_IDOF2DOF          0 1 2 3 4 5 6 7 8 9 10 11 12 13 14 15 16 17 18 19 20 21 22 23 24 25 | 26 27 28 29 30 31

EFC_ISLAND            0 0 0 0 0 0 0 0 0 0 0 0 0 0 0 0 0 0 0 0 0 0 0 0 0 0 0 0 0 0 0 0 0 0 0 0 0 0 0 0 0 0 0 0 0 0 0 0 0 0 0 0 0 0 0 0 0 0 1 1 1 1 1 1 1 1 1 1 1 1 1 1 1 1

ISLAND_NEFC           58 16

ISLAND_IEFCADR        0 58

MAP_IEFC2EFC          0 1 2 3 4 5 6 7 8 9 10 11 12 13 14 15 16 17 18 19 20 21 22 23 24 25 26 27 28 29 30 31 32 33 34 35 36 37 38 39 40 41 42 43 44 45 46 47 48 49 50 51 52 53 54 55 56 57 | 58 59 60 61 62 63 64 65 66 67 68 69 70 71 72 73

